Property_Name,Location,Price,Rate_SqFt,Area_Tpye,Bedroom,Bathroom,Floor_No,Property_Age,Availability
Omkar Alta Monte ,"W.E.Highway, Malad East, Mumbai Andheri-Dahisar, Mumbai",5 Crore,"17,241",Super Built up area 2900(269.42 sq.m.)Built Up area: 2700 sq.ft. (250.84 sq.m.)Carpet area: 1833 sq.ft. (170.29 sq.m.),3.0,4.0,14th  ,0 to 1 Year Old, Ready to move
T Bhimjyani Neelkanth Woods ," Manpada, Thane, Mumbai",2.4 Crore,"12,631",Super Built up area 1900(176.52 sq.m.)Built Up area: 1850 sq.ft. (171.87 sq.m.)Carpet area: 1200 sq.ft. (111.48 sq.m.),3.0,3.0,8th  ,1 to 5 Year Old, Ready to move Property
Legend 1 Pramila Nagar ," Dahisar West, Mumbai Andheri-Dahisar, Mumbai",95 Lac,"15,966",Super Built up area 595(55.28 sq.m.),1.0,2.0,3rd  ,10+ Year Old, Ready to move
Toll Free 1800 41 99099,"Vidyavihar West, Vidyavihar West, Central Mumbai suburbs, Mumbai",3.75 Crore,"25,862",Built Up area: 1450 (134.71 sq.m.),3.0,3.0,1st  ,5 to 10 Year Old, Ready to move
Toll Free 1800 41 99099,"176 Cst Road, Kalina, Mumbai 400098, Santacruz East, Mumbai South West, Mumbai",3.5 Crore,"39,954",Carpet area: 876 (81.38 sq.m.),2.0,2.0,5th  ,5 to 10 Year Old, Ready to move
Varun Garden ," Manpada, Thane, Mumbai",2.2 Crore,"14,666",Super Built up area 1500(139.35 sq.m.)Carpet area: 1200 sq.ft. (111.48 sq.m.),3.0,3.0,7th  ,5 to 10 Year Old, Ready to move
Toll Free 1800 41 99099,"V.P. Road Near Q Deck Family Restaurant And Bar, Vile Parle West, Mumbai South West, Mumbai",1.65 Crore,"31,428",Built Up area: 525 (48.77 sq.m.),1.0,2.0,1st  ,1 to 5 Year Old, Ready to move
Toll Free 1800 41 99099," Nahur East, Central Mumbai suburbs, Mumbai",1.4 Crore,"24,013",Carpet area: 583 (54.16 sq.m.),2.0,2.0,3rd  ,10+ Year Old, Ready to move
Toll Free 1800 41 99099," Kalyan East, Mumbai Beyond Thane, Mumbai",65 Lac,"6,435",Super Built up area 1010(93.83 sq.m.),3.0,3.0,1st  ,5 to 10 Year Old, Ready to move
Sunteck West World ,"701, 702, Naigaon East, Mira Road And Beyond, Mumbai",86 Lac,"10,250",Carpet area: 788 (73.21 sq.m.),2.0,4.0,7th  ,0 to 1 Year Old, Ready to move
Green Court ,"702, Andheri West, Mumbai Andheri-Dahisar, Mumbai",2.75 Crore,"34,810",Built Up area: 1200 (111.48 sq.m.)Carpet area: 790 sq.ft. (73.39 sq.m.),2.0,2.0,7th  ,5 to 10 Year Old, Ready to move
Balaji Galaxy ,"502, Kalamboli, Navi Mumbai, Mumbai",70 Lac,"11,111",Carpet area: 630 (58.53 sq.m.),2.0,2.0,5th  ,10+ Year Old, Ready to move
Toll Free 1800 41 99099,"2197, Manori, Mumbai Andheri-Dahisar, Mumbai",6.5 Crore,"8,496",Plot area 7650,,,2,Immediate, Ready to move
Toll Free 1800 41 99099,"402, Malad West, Mumbai Andheri-Dahisar, Mumbai",2.75 Crore,"34,810",Carpet area: 790 (73.39 sq.m.),3.0,3.0,4th  ,10+ Year Old, Ready to move
Toll Free 1800 41 99099," Goregaon West, Mumbai Andheri-Dahisar, Mumbai",2.25 Crore,"26,041",Built Up area: 864 (80.27 sq.m.)Carpet area: 644 sq.ft. (59.83 sq.m.),2.0,2.0,7th  ,10+ Year Old, Ready to move
Toll Free 1800 41 99099,"New Madha Row House Colony, Pawar Nagar, Thane, Mumbai",1.6 Crore,"12,698",Plot area 1260(117.06 sq.m.)Built Up area: 1200 sq.ft. (111.48 sq.m.)Carpet area: 930 sq.ft. (86.4 sq.m.),2.0,2.0,2,10+ Year Old, Ready to move
Toll Free 1800 41 99099," Ulwe, Navi Mumbai, Mumbai",78 Lac,"8,705",Super Built up area 896(83.24 sq.m.),1.0,1.0,3rd  ,1 to 5 Year Old, Ready to move
Haware Silicon Tower ,"Plot No. 46 Sector 30 A, Vashi, Navi Mumbai - 400705, Palm Beach, Navi Mumbai, Mumbai",2.89 Crore,"16,580",Super Built up area 1985(184.41 sq.m.)Built Up area: 1743 sq.ft. (161.93 sq.m.),3.0,3.0,8th  ,10+ Year Old, Ready to move
Toll Free 1800 41 99099,"Shri Nagar, Wagle Estate, Thane, Mumbai",1.25 Crore,"18,656",Built Up area: 670 (62.25 sq.m.)Carpet area: 500 sq.ft. (46.45 sq.m.),2.0,2.0,5th  ,1 to 5 Year Old, Ready to move
Toll Free 1800 41 99099,"302, Koperkhairane, Navi Mumbai, Mumbai",1.35 Crore,"14,062",Built Up area: 960 (89.19 sq.m.)Carpet area: 700 sq.ft. (65.03 sq.m.),2.0,2.0,3rd  ,10+ Year Old, Ready to move
Lodha Splendora ," Ghodbunder Road, Thane, Mumbai",1.35 Crore,"18,169",Carpet area: 743 (69.03 sq.m.),2.0,2.0,26th  ,5 to 10 Year Old, Ready to move
Lodha Palava Downtown ," Dombivli East, Mumbai Beyond Thane, Mumbai",42 Lac,"10,552",Carpet area: 398 (36.98 sq.m.),1.0,2.0,11st  ,0 to 1 Year Old, Ready to move
Toll Free 1800 41 99099," Sector 16 Vashi, Navi Mumbai, Mumbai",2.25 Crore,"18,000",Carpet area: 1250 (116.13 sq.m.),2.0,2.0,2nd  ,10+ Year Old, Ready to move
Toll Free 1800 41 99099,"101, Bandra East, Mumbai South West, Mumbai",2 Crore,"24,390",Carpet area: 820 (76.18 sq.m.),2.0,2.0,11st  ,10+ Year Old, Ready to move
Toll Free 1800 41 99099," Ghatkopar East, Central Mumbai suburbs, Mumbai",4.8 Crore,"32,876",Carpet area: 1460 (135.64 sq.m.),3.0,3.0,5th  ,5 to 10 Year Old, Ready to move
Gauri Excellency ,"2105 & 2106, Charkop, Mumbai Andheri-Dahisar, Mumbai",4.4 Crore,"19,730",Carpet area: 2230 (207.17 sq.m.),4.0,4.0,21st  ,Under Construction, Under Construction
Toll Free 1800 41 99099,"Laxmi Keshav, Bhiwandi, Mumbai Beyond Thane, Mumbai, Bhiwandi, Mumbai Beyond Thane, Mumbai",45 Lac,"5,300",Built Up area: 855 (79.43 sq.m.)Carpet area: 600 sq.ft. (55.74 sq.m.),1.0,1.0,3rd  ,1 to 5 Year Old, Ready to move
Puraniks Tokyo Bay ," Kasar vadavali, Thane, Mumbai",98 Lac,"9,193",Super Built up area 1066(99.03 sq.m.),2.0,2.0,13rd  ,0 to 1 Year Old, Ready to move
Toll Free 1800 41 99099," Sector 19 Ulwe, Navi Mumbai, Mumbai",30 Lac,"10,869",Carpet area: 276 (25.64 sq.m.),1.0,1.0,2nd  ,10+ Year Old, Ready to move
Toll Free 1800 41 99099," Chakala, Mumbai Andheri-Dahisar, Mumbai",55 Lac,"18,333",Built Up area: 300 (27.87 sq.m.)Carpet area: 225 sq.ft. (20.9 sq.m.),1.0,1.0,5th  ,10+ Year Old, Ready to move
Toll Free 1800 41 99099,"203, Seven Bunglow, Mumbai Andheri-Dahisar, Mumbai",2.55 Crore,"40,800",Carpet area: 625 (58.06 sq.m.),2.0,2.0,2nd  ,10+ Year Old, Ready to move
Toll Free 1800 41 99099,"201, Panvel, Navi Mumbai, Mumbai",28 Lac,"5,000",Carpet area: 560 (52.03 sq.m.),1.0,2.0,2nd  ,5 to 10 Year Old, Ready to move
Varsha Balaji Heritage ," Sector 11 Kharghar, Navi Mumbai, Mumbai",2.6 Crore,"15,294",Super Built up area 1700(157.94 sq.m.),3.0,3.0,13rd  ,5 to 10 Year Old, Ready to move
Bhanushanti Complex ,"Malad (East), Malad East, Mumbai Andheri-Dahisar, Mumbai",1 Crore,"13,889",Carpet area: 720 (66.89 sq.m.),1.0,2.0,3rd  ,5 to 10 Year Old, Ready to move
Sagar Mahal ,"Walkeshwar Road, Malabar Hill, Walkeshwar, South Mumbai, Mumbai",8.13 Crore,"65,000",Built Up area: 1250 (116.13 sq.m.),2.0,3.0,Ground,10+ Year Old, Ready to move
Toll Free 1800 41 99099," Malad West, Mumbai Andheri-Dahisar, Mumbai",2.5 Crore,"16,666",Built Up area: 1500 (139.35 sq.m.)Carpet area: 903 sq.ft. (83.89 sq.m.),3.0,3.0,15th  ,10+ Year Old, Ready to move
Indiabulls Greens ," Panvel, Navi Mumbai, Mumbai",1.05 Crore,"8,076",Super Built up area 1690(157.01 sq.m.)Built Up area: 1600 sq.ft. (148.64 sq.m.)Carpet area: 1300 sq.ft. (120.77 sq.m.),3.0,3.0,16th  ,0 to 1 Year Old, Ready to move
Toll Free 1800 41 99099,"Near D Mart, Sector 5 New Panvel East, Navi Mumbai, Mumbai",53 Lac,"10,096",Built Up area: 525 (48.77 sq.m.),1.0,1.0,3rd  ,10+ Year Old, Ready to move
Toll Free 1800 41 99099,"202, Plot No 157., Sector 12 Vashi, Navi Mumbai, Mumbai",1.3 Crore,"11,981",Super Built up area 1085(100.8 sq.m.)Carpet area: 770 sq.ft. (71.54 sq.m.),3.0,2.0,2nd  ,10+ Year Old, Ready to move
Samarth Garden ," Bhandup West, Central Mumbai suburbs, Mumbai",1.8 Crore,"22,443",Super Built up area 802(74.51 sq.m.),2.0,2.0,20th  ,1 to 5 Year Old, Ready to move
Swan Lake Apartment ,"1/101, Khar West, Mumbai South West, Mumbai",18 Crore,"66,298",Carpet area: 2715 (252.23 sq.m.),4.0,4.0,Ground,10+ Year Old, Ready to move
Toll Free 1800 41 99099," Sindhi Society Chembur, Mumbai Harbour, Mumbai",1.3 Crore,"22,335",Super Built up area 591(54.91 sq.m.)Carpet area: 414 sq.ft. (38.46 sq.m.),1.0,2.0,2nd  ,10+ Year Old, Ready to move
Parinee Essence ," Kandivali West, Mumbai Andheri-Dahisar, Mumbai",1.4 Crore,"25,134",Carpet area: 557 (51.75 sq.m.),2.0,2.0,7th  ,0 to 1 Year Old, Ready to move
Lalani Grandeur ," Goregaon East, Mumbai Andheri-Dahisar, Mumbai",3.8 Crore,"24,820",Built Up area: 1531 (142.23 sq.m.),3.0,3.0,15th  ,1 to 5 Year Old, Ready to move
Toll Free 1800 41 99099,"A-74, Santacruz East, Mumbai South West, Mumbai",2.3 Crore,"23,469",Super Built up area 980(91.04 sq.m.)Carpet area: 654 sq.ft. (60.76 sq.m.),2.0,2.0,7th  ,0 to 1 Year Old, Ready to move
Toll Free 1800 41 99099," Jogeshwari West, Mumbai Andheri-Dahisar, Mumbai",1.8 Crore,"28,125",Carpet area: 640 (59.46 sq.m.),2.0,2.0,8th  ,5 to 10 Year Old, Ready to move
Spring Hills ,"901, Hiranandani Estate, Thane, Mumbai",2.56 Crore,"18,091",Super Built up area 1415(131.46 sq.m.),3.0,3.0,9th  ,10+ Year Old, Ready to move
Toll Free 1800 41 99099,"4/14, Andheri East, Mumbai Andheri-Dahisar, Mumbai",1.15 Crore,"18,852",Built Up area: 610 (56.67 sq.m.),1.0,1.0,1st  ,10+ Year Old, Ready to move
Toll Free 1800 41 99099," Charni Road, South Mumbai, Mumbai",3 Crore,"31,578",Carpet area: 950 (88.26 sq.m.),3.0,1.0,4th  ,10+ Year Old, Ready to move
Toll Free 1800 41 99099,"Building No. 67, Pant Nagar, Central Mumbai suburbs, Mumbai",1.9 Crore,"30,303",Carpet area: 627 (58.25 sq.m.),2.0,2.0,12nd  ,0 to 1 Year Old, Ready to move
Toll Free 1800 41 99099," Thane West, Thane, Mumbai",1.2 Crore,"14,118",Built Up area: 850 (78.97 sq.m.),2.0,2.0,3rd  ,10+ Year Old, Ready to move
Shyam Niwas Apartment ," Chembur, Mumbai Harbour, Mumbai",2.75 Crore,"22,339",Super Built up area 1231(114.36 sq.m.),3.0,3.0,5th  ,10+ Year Old, Ready to move
Gami Vivaan ," Koperkhairane, Navi Mumbai, Mumbai",2.95 Crore,"4,11,436",Carpet area: 71.7 ,3.0,3.0,11st  ,1 to 5 Year Old, Ready to move
Toll Free 1800 41 99099," Borivali West, Mumbai Andheri-Dahisar, Mumbai",3.5 Crore,"28,000",Carpet area: 1250 (116.13 sq.m.),3.0,3.0,3rd  ,10+ Year Old, Ready to move
Toll Free 1800 41 99099,"Flat No. 201 Near Karnik Road, Kalyan West, Mumbai Beyond Thane, Mumbai",75 Lac,"8,610",Built Up area: 871 (80.92 sq.m.),2.0,2.0,2nd  ,5 to 10 Year Old, Ready to move
Toll Free 1800 41 99099," Nalasopara West, Mira Road And Beyond, Mumbai",35 Lac,"5,882",Carpet area: 595 (55.28 sq.m.),2.0,1.0,3rd  ,5 to 10 Year Old, Ready to move
Bharat Shiv Sai Paradise ," Majiwada, Thane, Mumbai",1.15 Crore,"17,692",Super Built up area 951(88.35 sq.m.)Carpet area: 650 sq.ft. (60.39 sq.m.),2.0,2.0,1st  ,5 to 10 Year Old, Ready to move
Toll Free 1800 41 99099," Dadar west, Mumbai South West, Mumbai",4.75 Crore,"40,254",Built Up area: 1180 (109.63 sq.m.)Carpet area: 950 sq.ft. (88.26 sq.m.),3.0,2.0,4th  ,10+ Year Old, Ready to move
Toll Free 1800 41 99099,"Gajanan Colony Road, Jawahar Nagar, Goregaon West, Mumbai Andheri-Dahisar, Mumbai",2.15 Crore,"24,712",Carpet area: 870 (80.83 sq.m.),3.0,3.0,2nd  ,1 to 5 Year Old, Ready to move
Toll Free 1800 41 99099," Dahisar East, Mumbai Andheri-Dahisar, Mumbai",3 Crore,"15,000",Built Up area: 2000 (185.81 sq.m.),3.0,3.0,3,5 to 10 Year Old, Ready to move
Toll Free 1800 41 99099,"Katrap, Badlapur East, Mumbai Beyond Thane, Mumbai",41.5 Lac,"4,391",Carpet area: 945 (87.79 sq.m.),2.0,2.0,4th  ,1 to 5 Year Old, Ready to move
Fortune Springs ,"1003, Kharghar, Navi Mumbai, Mumbai",68 Lac,"15,454",Built Up area: 670 (62.25 sq.m.)Carpet area: 440 sq.ft. (40.88 sq.m.),1.0,1.0,10th  ,1 to 5 Year Old, Ready to move
Lodha Casa Ultima ,"A-404, Chirak Nagar, Thane, Mumbai",78 Lac,"13,132",Super Built up area 594(55.18 sq.m.)Built Up area: 500 sq.ft. (46.45 sq.m.)Carpet area: 420 sq.ft. (39.02 sq.m.),1.0,2.0,4th  ,10+ Year Old, Ready to move
Toll Free 1800 41 99099,"2d 203 Near Lokhandwala Circle, New Mhada Verosva, Versova, Mumbai Andheri-Dahisar, Mumbai",1.8 Crore,"25,899",Carpet area: 695 (64.57 sq.m.),2.0,2.0,2nd  ,10+ Year Old, Ready to move
Toll Free 1800 41 99099,"Borivali (West), Borivali West, Mumbai Andheri-Dahisar, Mumbai",2.56 Crore,"32,989",Carpet area: 776 (72.09 sq.m.),2.0,1.0,3rd  ,10+ Year Old, Ready to move
Royal Palms Estate ," Goregaon East, Mumbai Andheri-Dahisar, Mumbai",1 Crore,"9,259",Built Up area: 1080 (100.34 sq.m.)Carpet area: 873 sq.ft. (81.1 sq.m.),2.0,2.0,Basement,10+ Year Old, Ready to move
Toll Free 1800 41 99099," Andheri West, Mumbai Andheri-Dahisar, Mumbai",2 Crore,"33,898",Carpet area: 590 (54.81 sq.m.),2.0,2.0,10th  ,1 to 5 Year Old, Ready to move
Oberoi Woods ," Goregaon East, Mumbai Andheri-Dahisar, Mumbai",3.4 Crore,"27,200",Super Built up area 1250(116.13 sq.m.),3.0,2.0,2nd  ,10+ Year Old, Ready to move
Parinee Adney ," Borivali West, Mumbai Andheri-Dahisar, Mumbai",1.65 Crore,"25,862",Built Up area: 1060 (98.48 sq.m.)Carpet area: 638 sq.ft. (59.27 sq.m.),2.0,2.0,1st  ,0 to 1 Year Old, Ready to move
Toll Free 1800 41 99099,"Divyam Heights, Near Azad Nagar Metro Station, Andheri West, Mumbai Andheri-Dahisar, Mumbai",1.55 Crore,"12,053",Super Built up area 1120(104.05 sq.m.)Carpet area: 620 sq.ft. (57.6 sq.m.),2.0,2.0,8th  ,1 to 5 Year Old, Ready to move
Lodha Palava City ," Dombivli East, Mumbai Beyond Thane, Mumbai",53 Lac,"11,349",Built Up area: 467 (43.39 sq.m.)Carpet area: 439 sq.ft. (40.78 sq.m.),1.0,2.0,6th  ,0 to 1 Year Old, Ready to move
Serenity Complex ," Oshiwara, Mumbai Andheri-Dahisar, Mumbai",3.5 Crore,"22,950",Carpet area: 1525 (141.68 sq.m.),3.0,3.0,14th  ,10+ Year Old, Ready to move
Om Classic ," Chembur East, Mumbai Harbour, Mumbai",1.43 Crore,"15,889",Super Built up area 900(83.61 sq.m.)Carpet area: 655 sq.ft. (60.85 sq.m.),2.0,2.0,4th  ,5 to 10 Year Old, Ready to move
Toll Free 1800 41 99099,"A/2/8, Kopri, Thane, Mumbai",1.2 Crore,"13,057",Super Built up area 919(85.38 sq.m.)Carpet area: 519 sq.ft. (48.22 sq.m.),1.0,1.0,2nd  ,10+ Year Old, Ready to move
Toll Free 1800 41 99099," Prabhadevi, South Mumbai, Mumbai",3.75 Crore,"53,571",Carpet area: 725 (67.35 sq.m.),2.0,2.0,7th  ,10+ Year Old, Ready to move
Shreeji Splendor ," Brahmand, Thane, Mumbai",66 Lac,"12,222",Built Up area: 540 (50.17 sq.m.)Carpet area: 400 sq.ft. (37.16 sq.m.),1.0,1.0,Ground,5 to 10 Year Old, Ready to move
Toll Free 1800 41 99099,"B-403,gulmohar Chs,opp To Shivai School,near Nahur Railway Station East, Nahur East, Central Mumbai suburbs, Mumbai",1 Crore,"15,748",Carpet area: 635 (58.99 sq.m.),2.0,1.0,4th  ,10+ Year Old, Ready to move
Arihant Anmol ," Badlapur East, Mumbai Beyond Thane, Mumbai",25 Lac,"3,937",Super Built up area 635(58.99 sq.m.)Carpet area: 327 sq.ft. (30.38 sq.m.),1.0,1.0,1st  ,1 to 5 Year Old, Ready to move
Toll Free 1800 41 99099," Dahisar East, Mumbai Andheri-Dahisar, Mumbai",72 Lac,"20,571",Carpet area: 350 (32.52 sq.m.),1.0,1.0,1st  ,10+ Year Old, Ready to move
Toll Free 1800 41 99099," Sector 19 Airoli, Navi Mumbai, Mumbai",56 Lac,"16,470",Carpet area: 340 (31.59 sq.m.),1.0,1.0,3rd  ,10+ Year Old, Ready to move
Toll Free 1800 41 99099," Gorai 2, Mumbai Andheri-Dahisar, Mumbai",1.8 Crore,"16,000",Super Built up area 1125(104.52 sq.m.),2.0,2.0,2nd  ,10+ Year Old, Ready to move
Sumit Woods Sharda Sahaniwas ,"B 603, Borivali East, Mumbai Andheri-Dahisar, Mumbai",1.55 Crore,"15,121",Super Built up area 1025(95.23 sq.m.)Carpet area: 651 sq.ft. (60.48 sq.m.),2.0,2.0,6th  ,1 to 5 Year Old, Ready to move
K Raheja Paradise Apartment ," Raheja Vihar, Central Mumbai suburbs, Mumbai",3.7 Crore,"24,104",Super Built up area 1535(142.61 sq.m.)Carpet area: 1190 sq.ft. (110.55 sq.m.),3.0,3.0,11st  ,10+ Year Old, Ready to move
Toll Free 1800 41 99099," Indralok Phase 2, Mira Road And Beyond, Mumbai",62.5 Lac,"12,207",Built Up area: 512 (47.57 sq.m.),1.0,2.0,3rd  ,10+ Year Old, Ready to move
Toll Free 1800 41 99099," Kandivali West, Mumbai Andheri-Dahisar, Mumbai",5.25 Crore,"21,000",Super Built up area 2500(232.26 sq.m.)Carpet area: 1575 sq.ft. (146.32 sq.m.),5.0,5.0,12nd  ,10+ Year Old, Ready to move
Toll Free 1800 41 99099,"Plot No-14 Sector 21, Ghansoli Navi Mumbai, Maharashtra 400701, Ghansoli, Navi Mumbai, Mumbai",1.3 Crore,"12,500",Built Up area: 1040 (96.62 sq.m.),2.0,2.0,1st  ,1 to 5 Year Old, Ready to move
Toll Free 1800 41 99099,"Savara Gaon, Badlapur, Mumbai Beyond Thane, Mumbai",1.5 Crore,"5,00,000",Plot area 30(3035.39 sq.m.),,,3,Immediate, Ready to move
Toll Free 1800 41 99099," Dhokali, Thane, Mumbai",75 Lac,"10,273",Built Up area: 730 (67.82 sq.m.)Carpet area: 620 sq.ft. (57.6 sq.m.),2.0,2.0,2nd  ,10+ Year Old, Ready to move
Toll Free 1800 41 99099,"Opposite Archarya Collage Near Freeway Chembur Mumbai 400071, Chembur, Mumbai Harbour, Mumbai",1.25 Crore,"25,000",Built Up area: 575 (53.42 sq.m.)Carpet area: 543 sq.ft. (50.45 sq.m.),1.0,2.0,17th  ,0 to 1 Year Old, Ready to move
Toll Free 1800 41 99099,"B/407, Raghunath Nagar, Thane, Mumbai",70 Lac,"12,878",Carpet area: 660 (61.32 sq.m.),1.0,1.0,3rd  ,10+ Year Old, Ready to move
Toll Free 1800 41 99099,"Kalbadevi, Kalbadevi, South Mumbai, Mumbai",1.9 Crore,"47,500",Carpet area: 400 (37.16 sq.m.),1.0,1.0,9th  ,1 to 5 Year Old, Ready to move
Toll Free 1800 41 99099,"Dombivli (East), Dombivli East, Mumbai Beyond Thane, Mumbai",32 Lac,"7,272",Carpet area: 440 (40.88 sq.m.),1.0,1.0,3rd  ,10+ Year Old, Ready to move
Toll Free 1800 41 99099,"C-706, Dombivli East, Mumbai Beyond Thane, Mumbai",69 Lac,"6,448",Built Up area: 1070 (99.41 sq.m.)Carpet area: 734 sq.ft. (68.19 sq.m.),2.0,2.0,7th  ,1 to 5 Year Old, Ready to move
Ashok Vihar ,"C-001, Marol, Mumbai Andheri-Dahisar, Mumbai",1.4 Crore,"26,168",Built Up area: 835 (77.57 sq.m.)Carpet area: 535 sq.ft. (49.7 sq.m.),2.0,2.0,Ground,10+ Year Old, Ready to move
Toll Free 1800 41 99099,"2303 Solitaire A-Wing, Near Everest World Kolshet Road 400607, Kolshet Road, Thane, Mumbai",73 Lac,"11,230",Super Built up area 650(60.39 sq.m.)Carpet area: 455 sq.ft. (42.27 sq.m.),1.0,2.0,23rd  ,1 to 5 Year Old, Ready to move
Vision Phoenix Heights ,"Kalamboli, Roadpali, Navi Mumbai, Mumbai",62 Lac,"7,654",Super Built up area 810(75.25 sq.m.)Carpet area: 515 sq.ft. (47.85 sq.m.),1.0,1.0,10th  ,5 to 10 Year Old, Ready to move
Toll Free 1800 41 99099," Kalina, Mumbai South West, Mumbai",11 Crore,"28,780",Built Up area: 3822 (355.08 sq.m.),6.0,4.0,2,10+ Year Old, Ready to move
Lodha Enchante ," Wadala East, Mumbai Harbour, Mumbai",1.55 Crore,"33,477",Carpet area: 463 (43.01 sq.m.),1.0,1.0,15th  ,1 to 5 Year Old, Ready to move
Vardhaman Vatika Vasind ," Vasind, Mumbai Beyond Thane, Mumbai",32 Lac,"3,747",Built Up area: 854 (79.34 sq.m.),2.0,2.0,1st  ,1 to 5 Year Old, Ready to move
Toll Free 1800 41 99099,"Ramdev Park, Ramdev Park, Mira Road And Beyond, Mumbai",5.6 Crore,"18,666",Plot area 3000(278.71 sq.m.),6.0,7.0,4,10+ Year Old, Ready to move
Toll Free 1800 41 99099," Murbad, Mumbai Beyond Thane, Mumbai",25 Lac,568,Plot area 4400(408.77 sq.m.),,,2,Immediate, Ready to move
Arihant Anshula ," Taloja, Navi Mumbai, Mumbai",50 Lac,"4,621",Carpet area: 1082 (100.52 sq.m.),2.0,2.0,4th  ,1 to 5 Year Old, Ready to move
Toll Free 1800 41 99099," Kopargaon, Mumbai Beyond Thane, Mumbai",42 Lac,"10,023",Carpet area: 419 (38.93 sq.m.),1.0,1.0,1st  ,1 to 5 Year Old, Ready to move
Chandak Sparkling Wings ," Dahisar East, Mumbai Andheri-Dahisar, Mumbai",83 Lac,"21,783",Carpet area: 404 (37.53 sq.m.),1.0,2.0,18th  ,5 to 10 Year Old, Ready to move
Emgee Greens ," Wadala, Mumbai Harbour, Mumbai",1.8 Crore,"16,744",Built Up area: 1075 (99.87 sq.m.)Carpet area: 734 sq.ft. (68.19 sq.m.),2.0,2.0,3rd  ,10+ Year Old, Ready to move
Romell Shraddha ,"401 And 402, IC Colony, Mumbai Andheri-Dahisar, Mumbai",5 Crore,"27,716",Carpet area: 1804 (167.6 sq.m.),6.0,3.0,4th  ,1 to 5 Year Old, Ready to move
Toll Free 1800 41 99099,"Saki Vihar Road, Chandivali, Central Mumbai suburbs, Mumbai",3.5 Crore,"25,547",Built Up area: 1370 (127.28 sq.m.)Carpet area: 1060 sq.ft. (98.48 sq.m.),3.0,3.0,1st  ,10+ Year Old, Ready to move
Toll Free 1800 41 99099," New Panvel, Navi Mumbai, Mumbai",5.2 Crore,"2,47,619",Plot area 210Built Up area: 511 sq.m.,5.0,4.0,4,0 to 1 Year Old, Ready to move
Lodha Luxuria ,"Ffb 2301, Majiwada, Thane, Mumbai",1.69 Crore,"21,019",Carpet area: 804 (74.69 sq.m.),2.0,2.0,23rd  ,5 to 10 Year Old, Ready to move
Ekta Parksville ,"Lincoln Park D 201, Virar West, Mira Road And Beyond, Mumbai",48 Lac,"7,196",Carpet area: 667 (61.97 sq.m.),2.0,2.0,2nd  ,Within 3 months, Under Construction
Lifescapes Mirage ," Matunga West, South Mumbai, Mumbai",3.5 Crore,"45,103",Super Built up area 1265(117.52 sq.m.)Carpet area: 776 sq.ft. (72.09 sq.m.),2.0,2.0,5th  ,5 to 10 Year Old, Ready to move
Toll Free 1800 41 99099," Goregaon West, Mumbai Andheri-Dahisar, Mumbai",1.95 Crore,"19,763",Built Up area: 1012 (94.02 sq.m.)Carpet area: 735 sq.ft. (68.28 sq.m.),2.0,2.0,1st  ,10+ Year Old, Ready to move
Toll Free 1800 41 99099,"A Wing 101, Bhayander West, Mira Road And Beyond, Mumbai",1.6 Crore,"16,355",Carpet area: 1070 (99.41 sq.m.),3.0,2.0,1st  ,10+ Year Old, Ready to move
Krishna Vatika CHS ," Dahisar East, Mumbai Andheri-Dahisar, Mumbai",1.45 Crore,"16,111",Super Built up area 900(83.61 sq.m.)Built Up area: 722 sq.ft. (67.08 sq.m.)Carpet area: 670 sq.ft. (62.25 sq.m.),2.0,2.0,7th  ,10+ Year Old, Ready to move
Vastu Aarav Heights ,"Dombivli (West), Dombivli West, Mumbai Beyond Thane, Mumbai",29.5 Lac,"7,973",Carpet area: 370 (34.37 sq.m.),1.0,1.0,7th  ,1 to 5 Year Old, Ready to move
Toll Free 1800 41 99099," Thane West, Thane, Mumbai",80 Lac,"18,390",Carpet area: 435 (40.41 sq.m.),1.0,1.0,5th  ,10+ Year Old, Ready to move
Toll Free 1800 41 99099," Dombivli East, Mumbai Beyond Thane, Mumbai",75 Lac,"12,820",Carpet area: 585 (54.35 sq.m.),2.0,2.0,7th  ,0 to 1 Year Old, Ready to move
Toll Free 1800 41 99099," Virar, Mira Road And Beyond, Mumbai",46 Lac,"6,013",Built Up area: 765 (71.07 sq.m.),1.0,2.0,11st  ,0 to 1 Year Old, Ready to move
Acme Ozone ," Manpada, Thane, Mumbai",1.7 Crore,"17,189",Carpet area: 989 (91.88 sq.m.),3.0,3.0,20th  ,1 to 5 Year Old, Ready to move
Tata Amantra ,"H-043, Avhani Tower, Kalyan West, Mumbai Beyond Thane, Mumbai",65 Lac,"6,391",Super Built up area 1017(94.48 sq.m.)Carpet area: 666 sq.ft. (61.87 sq.m.),2.0,1.0,4th  ,1 to 5 Year Old, Ready to move
RNA NG Regency ,"Thane Bhiwandi Road, Next To Dosti West County., Balkum, Thane, Mumbai",52 Lac,"7,872",Super Built up area 672(62.43 sq.m.)Carpet area: 410 sq.ft. (38.09 sq.m.),1.0,1.0,3rd  ,5 to 10 Year Old, Ready to move
Toll Free 1800 41 99099,"102, Sector 8 Airoli, Navi Mumbai, Mumbai",1 Crore,"10,526",Carpet area: 950 (88.26 sq.m.),2.0,2.0,1st  ,5 to 10 Year Old, Ready to move
Goodbuild Shepherd Residency ,"1601-A Wing, Mitha Nagar, Mumbai Andheri-Dahisar, Mumbai",1.6 Crore,"18,713",Super Built up area 855(79.43 sq.m.)Carpet area: 825 sq.ft. (76.65 sq.m.),2.0,2.0,16th  ,10+ Year Old, Ready to move
Toll Free 1800 41 99099," Hiranandani Estate, Thane, Mumbai",3.1 Crore,"22,142",Carpet area: 1400 (130.06 sq.m.),3.0,3.0,11st  ,10+ Year Old, Ready to move
Toll Free 1800 41 99099," Sindhu Wadi, Central Mumbai suburbs, Mumbai",5.85 Crore,"28,235",Built Up area: 2125 (197.42 sq.m.)Carpet area: 1331 sq.ft. (123.65 sq.m.),4.0,4.0,3rd  ,5 to 10 Year Old, Ready to move
Serenity Heights ," Marol, Mumbai Andheri-Dahisar, Mumbai",3.3 Crore,"29,649",Carpet area: 1113 (103.4 sq.m.),3.0,3.0,2nd  ,0 to 1 Year Old, Ready to move
Riddhi Siddhi CHS ,"504, Bhandup West, Central Mumbai suburbs, Mumbai",1.05 Crore,"17,213",Built Up area: 610 (56.67 sq.m.)Carpet area: 444 sq.ft. (41.25 sq.m.),1.0,2.0,5th  ,10+ Year Old, Ready to move
Lodha Amara ," Kolshet Road, Thane, Mumbai",89 Lac,"15,978",Carpet area: 557 (51.75 sq.m.),2.0,2.0,21st  ,1 to 5 Year Old, Ready to move
Vakratunda Palace ,"B-1104,vakratunda Palace,tank Road,bhandup West, Valmiki Nagar, Central Mumbai suburbs, Mumbai",1.65 Crore,"24,337",Carpet area: 678 (62.99 sq.m.),2.0,2.0,11st  ,5 to 10 Year Old, Ready to move
Toll Free 1800 41 99099," Santacruz West, Mumbai South West, Mumbai",5.75 Crore,"59,895",Carpet area: 960 (89.19 sq.m.),3.0,3.0,9th  ,5 to 10 Year Old, Ready to move
Ganraj Beauty Landmark ,"Bhandup (West), Bhandup West, Central Mumbai suburbs, Mumbai",80 Lac,"21,799",Carpet area: 367 (34.1 sq.m.),1.0,1.0,19th  ,1 to 5 Year Old, Ready to move
Tata Amantra ," Kalyan West, Mumbai Beyond Thane, Mumbai",85 Lac,"7,937",Built Up area: 1071 (99.5 sq.m.)Carpet area: 666 sq.ft. (61.87 sq.m.),2.0,1.0,17th  ,1 to 5 Year Old, Ready to move
Toll Free 1800 41 99099,"In Front Of D Mart, Ghodbunder Road, Thane, Mumbai",75 Lac,"17,857",Carpet area: 420 (39.02 sq.m.),1.0,2.0,4th  ,1 to 5 Year Old, Ready to move
Rohan Lifescapes Amrut Wadi ,"183, Girgaum, South Mumbai, Mumbai",1.83 Crore,"44,561",Carpet area: 410 (38.09 sq.m.),1.0,1.0,18th  ,0 to 1 Year Old, Ready to move
Toll Free 1800 41 99099," Prabhadevi, South Mumbai, Mumbai",3.3 Crore,"47,142",Carpet area: 700 (65.03 sq.m.),2.0,2.0,9th  ,10+ Year Old, Ready to move
Toll Free 1800 41 99099," Dadar West, South Mumbai, Mumbai",4.4 Crore,"31,428",Carpet area: 1400 (130.06 sq.m.),4.0,3.0,3rd  ,5 to 10 Year Old, Ready to move
Toll Free 1800 41 99099," Bhakti Mandir, Thane, Mumbai",1.5 Crore,"19,815",Carpet area: 757 (70.33 sq.m.),2.0,2.0,3rd  ,10+ Year Old, Ready to move
MICL Aaradhya Highpark ," Mira Road, Mira Road And Beyond, Mumbai",1.38 Crore,"21,904",Carpet area: 630 (58.53 sq.m.),2.0,2.0,1st  ,Within 3 months, Under Construction
Toll Free 1800 41 99099,"C401, Muthaval, Mumbai Beyond Thane, Mumbai",39 Lac,"6,414",Super Built up area 643(59.74 sq.m.)Built Up area: 608 sq.ft. (56.49 sq.m.)Carpet area: 540 sq.ft. (50.17 sq.m.),1.0,1.0,4th  ,1 to 5 Year Old, Ready to move
Sark Park View ," Kharghar, Navi Mumbai, Mumbai",49 Lac,"8,909",Carpet area: 550 (51.1 sq.m.),1.0,2.0,5th  ,5 to 10 Year Old, Ready to move
Toll Free 1800 41 99099," Sector 30 Kharghar, Navi Mumbai, Mumbai",65 Lac,"6,190",Super Built up area 1050(97.55 sq.m.)Built Up area: 925 sq.ft. (85.94 sq.m.)Carpet area: 618 sq.ft. (57.41 sq.m.),2.0,2.0,4th  ,5 to 10 Year Old, Ready to move
Toll Free 1800 41 99099," Bhandup East, Central Mumbai suburbs, Mumbai",79.5 Lac,"15,806",Super Built up area 503(46.73 sq.m.)Built Up area: 444 sq.ft. (41.25 sq.m.)Carpet area: 403 sq.ft. (37.44 sq.m.),1.0,1.0,Ground,10+ Year Old, Ready to move
Balaji Symphony ,"New Panvel, New Panvel, Navi Mumbai, Mumbai",70 Lac,"8,695",Super Built up area 805(74.79 sq.m.),1.0,1.0,21st  ,1 to 5 Year Old, Ready to move
Toll Free 1800 41 99099,"Near Vandana Godavari Building, Versova, Mumbai Andheri-Dahisar, Mumbai",2.15 Crore,"20,834",Built Up area: 970 (90.12 sq.m.)Carpet area: 800 sq.ft. (74.32 sq.m.),2.0,2.0,1st  ,10+ Year Old, Ready to move
Toll Free 1800 41 99099," Sector 16 Ghansoli, Navi Mumbai, Mumbai",65 Lac,"13,000",Super Built up area 500(46.45 sq.m.)Built Up area: 495 sq.ft. (45.99 sq.m.)Carpet area: 400 sq.ft. (37.16 sq.m.),1.0,1.0,4th  ,5 to 10 Year Old, Ready to move
Toll Free 1800 41 99099,"302, A3, Shree Datta Nagari, Kalher, Thane, Mumbai",22 Lac,"3,055",Built Up area: 720 (66.89 sq.m.),1.0,1.0,3rd  ,1 to 5 Year Old, Ready to move
Toll Free 1800 41 99099," Ulwe, Navi Mumbai, Mumbai",80 Lac,"8,000",Built Up area: 1000 (92.9 sq.m.),2.0,2.0,5th  ,5 to 10 Year Old, Ready to move
Wellwisher Town ," Khopoli, Mumbai Beyond Thane, Mumbai",42 Lac,"7,000",Built Up area: 1000 (92.9 sq.m.)Carpet area: 600 sq.ft. (55.74 sq.m.),2.0,2.0,8th  ,0 to 1 Year Old, Ready to move
Toll Free 1800 41 99099," Khanda Colony, Navi Mumbai, Mumbai",85 Lac,"9,309",Super Built up area 913(84.82 sq.m.)Built Up area: 769 sq.ft. (71.44 sq.m.)Carpet area: 639 sq.ft. (59.37 sq.m.),2.0,2.0,1st  ,10+ Year Old, Ready to move
Toll Free 1800 41 99099," Bhandup West, Central Mumbai suburbs, Mumbai",1.27 Crore,"20,819",Carpet area: 610 (56.67 sq.m.),2.0,2.0,12nd  ,10+ Year Old, Ready to move
Toll Free 1800 41 99099,"Plot No. 139, Survey No. 169, Royal Palms Estate, Aarey Colony, Goregaon East, Mumbai Andheri-Dahisar, Mumbai",2.3 Crore,"7,187",Plot area 3200(297.29 sq.m.),,,,Immediate, Ready to move
Toll Free 1800 41 99099,"102, Vakola, Mumbai South West, Mumbai",1.25 Crore,"27,777",Carpet area: 450 (41.81 sq.m.),2.0,2.0,1st  ,10+ Year Old, Ready to move
Toll Free 1800 41 99099,"Sector-24 Ulwe, Sector 24 Ulwe, Navi Mumbai, Mumbai",37 Lac,"6,434",Built Up area: 575 (53.42 sq.m.),1.0,2.0,1st  ,0 to 1 Year Old, Ready to move
Toll Free 1800 41 99099,"C15, Bhayander West, Mira Road And Beyond, Mumbai",34 Lac,"9,714",Carpet area: 350 (32.52 sq.m.),1.0,1.0,3rd  ,10+ Year Old, Ready to move
Toll Free 1800 41 99099,"C-5,d/4, Lokmanya Nagar, Thane, Mumbai",50 Lac,"14,285",Built Up area: 350 (32.52 sq.m.)Carpet area: 280 sq.ft. (26.01 sq.m.),1.0,1.0,Ground,10+ Year Old, Ready to move
Toll Free 1800 41 99099," Virar West, Mira Road And Beyond, Mumbai",28 Lac,"4,746",Built Up area: 590 (54.81 sq.m.),1.0,1.0,3rd  ,5 to 10 Year Old, Ready to move
Triveni Ultima Bliss ,"1504, Kalyan West, Mumbai Beyond Thane, Mumbai",60 Lac,"7,519",Super Built up area 758(70.42 sq.m.)Carpet area: 387.18 sq.ft. (35.97 sq.m.),1.0,2.0,15th  ,1 to 5 Year Old, Ready to move
Toll Free 1800 41 99099,"005, Chipale, Navi Mumbai, Mumbai",54 Lac,"6,315",Super Built up area 950(88.26 sq.m.),2.0,2.0,Ground,5 to 10 Year Old, Ready to move
Toll Free 1800 41 99099," Old Panvel, Navi Mumbai, Mumbai",59 Lac,"12,553",Built Up area: 750 (69.68 sq.m.)Carpet area: 470 sq.ft. (43.66 sq.m.),1.0,1.0,3rd  ,0 to 1 Year Old, Ready to move
Sai Sastha Crystal ,"1606, Bhandup West, Central Mumbai suburbs, Mumbai",70 Lac,"20,771",Carpet area: 337 (31.31 sq.m.),1.0,1.0,16th  ,1 to 5 Year Old, Ready to move
CGEWHO Kendriya Vihar ,"C-7/11, Sector 11 Kharghar, Navi Mumbai, Mumbai",1.19 Crore,"9,916",Carpet area: 1200 (111.48 sq.m.),3.0,2.0,3rd  ,10+ Year Old, Ready to move
Mehek CHS ," Sector 12 Kharghar, Navi Mumbai, Mumbai",90 Lac,"16,513",Carpet area: 545 (50.63 sq.m.),2.0,2.0,5th  ,10+ Year Old, Ready to move
Marathon Nexzone ,"Altis, New Panvel, Navi Mumbai, Mumbai",70 Lac,"8,083",Built Up area: 866 (80.45 sq.m.),2.0,2.0,6th  ,1 to 5 Year Old, Ready to move
Mittal Tower CHS ," Koperkhairane, Navi Mumbai, Mumbai",1.2 Crore,"18,547",Carpet area: 647 (60.11 sq.m.),2.0,2.0,4th  ,10+ Year Old, Ready to move
Lodha Regency ,"Y401, Dombivli East, Mumbai Beyond Thane, Mumbai",58 Lac,"7,878",Built Up area: 835 (77.57 sq.m.),2.0,2.0,4th  ,5 to 10 Year Old, Ready to move
Toll Free 1800 41 99099,"Dombivli (East), Dombivli East, Mumbai Beyond Thane, Mumbai",53 Lac,"7,162",Built Up area: 740 (68.75 sq.m.),2.0,2.0,1st  ,10+ Year Old, Ready to move
Toll Free 1800 41 99099," New Panvel, Navi Mumbai, Mumbai",30 Lac,"5,555",Super Built up area 540(50.17 sq.m.)Carpet area: 350 sq.ft. (32.52 sq.m.),1.0,1.0,4th  ,1 to 5 Year Old, Ready to move
Lodha Eternis ," Andheri East, Mumbai Andheri-Dahisar, Mumbai",2.65 Crore,"31,030",Carpet area: 854 (79.34 sq.m.),2.0,2.0,5th  ,1 to 5 Year Old, Ready to move
Gitanjali Tatva ," Borivali East, Mumbai Andheri-Dahisar, Mumbai",2.75 Crore,"20,370",Super Built up area 1350(125.42 sq.m.)Carpet area: 937 sq.ft. (87.05 sq.m.),3.0,2.0,14th  ,0 to 1 Year Old, Ready to move
Kohinoor Majestic ," Kalyan West, Mumbai Beyond Thane, Mumbai",50 Lac,"6,896",Built Up area: 725 (67.35 sq.m.)Carpet area: 476 sq.ft. (44.22 sq.m.),1.0,2.0,15th  ,Within 3 months, Under Construction
Toll Free 1800 41 99099," Khardi, Mumbai Beyond Thane, Mumbai",15 Lac,735,Plot area 2040(189.52 sq.m.),,,,Immediate, Ready to move
MM Spectra ,"1506, Chembur East, Mumbai Harbour, Mumbai",1.8 Crore,"12,032",Super Built up area 1496(138.98 sq.m.)Carpet area: 1150 sq.ft. (106.84 sq.m.),2.0,2.0,15th  ,1 to 5 Year Old, Ready to move
Toll Free 1800 41 99099," Kopar, Mumbai Beyond Thane, Mumbai",1.18 Crore,"15,733",Carpet area: 676 (62.8 sq.m.),2.0,2.0,4th  ,5 to 10 Year Old, Ready to move
Pam Vasant ," Virar East, Mira Road And Beyond, Mumbai",80 Lac,"8,056",Built Up area: 1055 (98.01 sq.m.),2.0,2.0,4th  ,5 to 10 Year Old, Ready to move
Toll Free 1800 41 99099," Byculla East, Mumbai Harbour, Mumbai",2.7 Crore,"33,750",Super Built up area 800(74.32 sq.m.)Carpet area: 580 sq.ft. (53.88 sq.m.),2.0,2.0,1st  ,5 to 10 Year Old, Ready to move
Asmitha Jyothi CHS ," Malad West, Mumbai Andheri-Dahisar, Mumbai",78 Lac,"12,560",Super Built up area 621(57.69 sq.m.)Carpet area: 524 sq.ft. (48.68 sq.m.),1.0,2.0,6th  ,10+ Year Old, Ready to move
Toll Free 1800 41 99099," Naupada, Thane, Mumbai",1 Crore,"15,384",Built Up area: 650 (60.39 sq.m.)Carpet area: 500 sq.ft. (46.45 sq.m.),1.0,1.0,9th  ,10+ Year Old, Ready to move
Toll Free 1800 41 99099," Vile Parle East, Mumbai South West, Mumbai",4.25 Crore,"43,234",Super Built up area 1327(123.28 sq.m.)Carpet area: 983 sq.ft. (91.32 sq.m.),3.0,3.0,10th  ,1 to 5 Year Old, Ready to move
Toll Free 1800 41 99099,"102/g, Mulund West, Central Mumbai suburbs, Mumbai",1.55 Crore,"21,892",Carpet area: 708 (65.78 sq.m.),2.0,2.0,1st  ,10+ Year Old, Ready to move
Toll Free 1800 41 99099,"Parsik Nagar Flat No. 103, First Floor, Kalwa, Mumbai Beyond Thane, Mumbai",80 Lac,"12,403",Built Up area: 645 (59.92 sq.m.)Carpet area: 520 sq.ft. (48.31 sq.m.),1.0,2.0,1st  ,5 to 10 Year Old, Ready to move
Toll Free 1800 41 99099,"C 701, Neelam Nagar, Central Mumbai suburbs, Mumbai",2.25 Crore,"36,466",Carpet area: 617 (57.32 sq.m.),2.0,2.0,7th  ,10+ Year Old, Ready to move
Toll Free 1800 41 99099,"D-604 Mogra Village, Andheri East, Mumbai Andheri-Dahisar, Mumbai",1.7 Crore,"28,239",Carpet area: 602 (55.93 sq.m.),2.0,2.0,6th  ,10+ Year Old, Ready to move
Toll Free 1800 41 99099,"429, V.P. Road Flat No: 8 / 9, Andheri West, Mumbai Andheri-Dahisar, Mumbai",2.65 Crore,"23,913",Carpet area: 1150 (106.84 sq.m.),4.0,3.0,3rd  ,10+ Year Old, Ready to move
Toll Free 1800 41 99099," Thane West, Thane, Mumbai",1.25 Crore,"19,230",Carpet area: 650 (60.39 sq.m.),2.0,2.0,2nd  ,10+ Year Old, Ready to move
Toll Free 1800 41 99099,"Ho.No. 8 Sanman Singh Road, Bhandup West, Bhandup West, Central Mumbai suburbs, Mumbai",32 Lac,"8,000",Plot area 400(37.16 sq.m.),2.0,2.0,2,10+ Year Old, Ready to move
Aishwarya Avant Heritage 1 and 2 ,"1205, JVLR, Mumbai Andheri-Dahisar, Mumbai",1.2 Crore,"30,769",Carpet area: 390 (36.23 sq.m.),1.0,2.0,12nd  ,0 to 1 Year Old, Ready to move
Heena Presidency ,"Mira Road East, Mira Road East, Mira Road And Beyond, Mumbai",59.5 Lac,"8,500",Super Built up area 700(65.03 sq.m.)Carpet area: 400 sq.ft. (37.16 sq.m.),1.0,2.0,6th  ,1 to 5 Year Old, Ready to move
Toll Free 1800 41 99099,"203, Virar East, Mira Road And Beyond, Mumbai",55 Lac,"6,875",Carpet area: 800 (74.32 sq.m.),2.0,2.0,2nd  ,5 to 10 Year Old, Ready to move
Toll Free 1800 41 99099," Wada, Mumbai Beyond Thane, Mumbai",55 Lac,"2,291",Plot area 2400(222.97 sq.m.)Built Up area: 2000 sq.ft. (185.81 sq.m.)Carpet area: 1550 sq.ft. (144 sq.m.),3.0,2.0,1,5 to 10 Year Old, Ready to move
Toll Free 1800 41 99099,"S V Road, Jawahar Nagar, Mumbai Andheri-Dahisar, Mumbai",2.8 Crore,"19,622",Built Up area: 1376 (127.83 sq.m.)Carpet area: 860 sq.ft. (79.9 sq.m.),3.0,3.0,13rd  ,1 to 5 Year Old, Ready to move
Toll Free 1800 41 99099,"Casa Bella Suprema, Dombivli East, Mumbai Beyond Thane, Mumbai",59.5 Lac,"10,170",Carpet area: 585 (54.35 sq.m.),2.0,2.0,4th  ,5 to 10 Year Old, Ready to move
Toll Free 1800 41 99099,"Flat No 210, Plot No 15, Sector 21 Ulwe, Navi Mumbai, Mumbai",51 Lac,"7,968",Built Up area: 640 (59.46 sq.m.)Carpet area: 420 sq.ft. (39.02 sq.m.),1.0,1.0,2nd  ,1 to 5 Year Old, Ready to move
Toll Free 1800 41 99099," Panvel, Navi Mumbai, Mumbai",49 Lac,"6,486",Plot area 740(68.75 sq.m.),2.0,2.0,2,10+ Year Old, Ready to move
Toll Free 1800 41 99099," Kasar vadavali, Thane, Mumbai",55 Lac,"14,550",Carpet area: 378 (35.12 sq.m.),1.0,1.0,6th  ,0 to 1 Year Old, Ready to move
Gundecha Asta ," Sakinaka, Mumbai Andheri-Dahisar, Mumbai",1.08 Crore,"26,932",Carpet area: 401 (37.25 sq.m.),1.0,1.0,11st  ,1 to 5 Year Old, Ready to move
Kabra Galaxy Star CHS ," Brahmand, Thane, Mumbai",1.1 Crore,"10,280",Super Built up area 1070(99.41 sq.m.)Carpet area: 670 sq.ft. (62.25 sq.m.),2.0,2.0,6th  ,5 to 10 Year Old, Ready to move
Toll Free 1800 41 99099,"Flat-301, Plot-356a, Sector 31 Vashi, Navi Mumbai, Mumbai",55 Lac,"8,800",Super Built up area 625(58.06 sq.m.),1.0,1.0,3rd  ,5 to 10 Year Old, Ready to move
Toll Free 1800 41 99099,"136, Sector 2 Ulwe, Navi Mumbai, Mumbai",71 Lac,"8,160",Carpet area: 870 (80.83 sq.m.),2.0,2.0,4th  ,1 to 5 Year Old, Ready to move
Toll Free 1800 41 99099,"Dr Din Dayal Road, Mumbai Beyond Thane, Dombivli West, Mumbai Beyond Thane, Mumbai",23.5 Lac,"6,351",Built Up area: 370 (34.37 sq.m.)Carpet area: 340 sq.ft. (31.59 sq.m.),1.0,1.0,4th  ,10+ Year Old, Ready to move
JP Harmony ,"Bhd Reliance Residency, Near Shiv Mandir, Ambernath, Mumbai Beyond Thane, Mumbai",36 Lac,"3,517",Built Up area: 995 (92.44 sq.m.)Carpet area: 735 sq.ft. (68.28 sq.m.),2.0,2.0,5th  ,0 to 1 Year Old, Ready to move
Horizon Homes ,"1003, Liberty Garden, Mumbai Andheri-Dahisar, Mumbai",1.85 Crore,"29,505",Carpet area: 627 (58.25 sq.m.),2.0,2.0,1st  ,0 to 1 Year Old, Ready to move
Toll Free 1800 41 99099," Tembhipada, Central Mumbai suburbs, Mumbai",56 Lac,"18,666",Carpet area: 300 (27.87 sq.m.),1.0,1.0,14th  ,1 to 5 Year Old, Ready to move
Toll Free 1800 41 99099," Kandivali East, Mumbai Andheri-Dahisar, Mumbai",89 Lac,"15,752",Built Up area: 565 (52.49 sq.m.)Carpet area: 433 sq.ft. (40.23 sq.m.),1.0,1.0,5th  ,5 to 10 Year Old, Ready to move
Unity Apartment ,"Damodar Park, Ghatkopar West, Central Mumbai suburbs, Mumbai",49 Lac,"10,187",Super Built up area 481(44.69 sq.m.)Built Up area: 480 sq.ft. (44.59 sq.m.)Carpet area: 380 sq.ft. (35.3 sq.m.),1.0,1.0,3rd  ,10+ Year Old, Ready to move
Landmark Jawahar Milan CHS ," Malad East, Mumbai Andheri-Dahisar, Mumbai",1.93 Crore,"24,275",Carpet area: 793 (73.67 sq.m.),3.0,3.0,3rd  ,0 to 1 Year Old, Ready to move
Vinay Unique Gardens ,"E-801, Virar West, Mira Road And Beyond, Mumbai",33.5 Lac,"4,954",Built Up area: 670 (62.25 sq.m.)Carpet area: 390 sq.ft. (36.23 sq.m.),1.0,2.0,8th  ,1 to 5 Year Old, Ready to move
Toll Free 1800 41 99099,"New Panvel, New Panvel, Navi Mumbai, Mumbai",68 Lac,"8,484",Super Built up area 825(76.65 sq.m.)Built Up area: 800 sq.ft. (74.32 sq.m.)Carpet area: 725 sq.ft. (67.35 sq.m.),1.0,1.0,2nd  ,10+ Year Old, Ready to move
Toll Free 1800 41 99099,"Khar West, Khar West, Mumbai South West, Mumbai",1.25 Crore,"19,230",Built Up area: 650 (60.39 sq.m.)Carpet area: 500 sq.ft. (46.45 sq.m.),1.0,1.0,4th  ,10+ Year Old, Ready to move
Sagar Mahal ,"Opposite Gopi Birla School And Sheetal Baug, Walkeshwar, South Mumbai, Mumbai",16.5 Crore,"67,350",Built Up area: 2450 (227.61 sq.m.),4.0,5.0,9th  ,10+ Year Old, Ready to move
Bharat Shiv Sai Paradise ,"C1201, Majiwada, Thane, Mumbai",82 Lac,"13,268",Super Built up area 618(57.41 sq.m.)Carpet area: 448 sq.ft. (41.62 sq.m.),1.0,1.0,12nd  ,5 to 10 Year Old, Ready to move
Toll Free 1800 41 99099,"Shivaji Nagar, Shivaji Nagar, Thane, Mumbai",18 Lac,"9,230",Carpet area: 195 (18.12 sq.m.),1.0,1.0,2nd  ,10+ Year Old, Ready to move
SRK Solitaire ," Sector 18 Kharghar, Navi Mumbai, Mumbai",2.15 Crore,"17,551",Built Up area: 1750 (162.58 sq.m.)Carpet area: 1225 sq.ft. (113.81 sq.m.),3.0,3.0,6th  ,5 to 10 Year Old, Ready to move
AO Realty Bianca ,"Flat No 1001, Andheri East, Mumbai Andheri-Dahisar, Mumbai",2.9 Crore,"28,712",Carpet area: 1010 (93.83 sq.m.),3.0,3.0,10th  ,5 to 10 Year Old, Ready to move
Toll Free 1800 41 99099," Andheri East, Mumbai Andheri-Dahisar, Mumbai",3.25 Crore,"29,545",Carpet area: 1100 (102.19 sq.m.),3.0,3.0,5th  ,10+ Year Old, Ready to move
Virat Green Avenue ," Shilphata, Navi Mumbai, Mumbai",67 Lac,"9,279",Carpet area: 722 (67.08 sq.m.),2.0,2.0,2nd  ,1 to 5 Year Old, Ready to move
Toll Free 1800 41 99099," Kalyan West, Mumbai Beyond Thane, Mumbai",53 Lac,"7,310",Built Up area: 725 (67.35 sq.m.)Carpet area: 525 sq.ft. (48.77 sq.m.),1.0,1.0,4th  ,1 to 5 Year Old, Ready to move
Lodha Lakeshore Greens ," Dombivli East, Mumbai Beyond Thane, Mumbai",70 Lac,"10,401",Carpet area: 673 (62.52 sq.m.),2.0,2.0,8th  ,1 to 5 Year Old, Ready to move
Toll Free 1800 41 99099," Chandivali, Central Mumbai suburbs, Mumbai",2.25 Crore,"20,361",Built Up area: 1105 (102.66 sq.m.),2.0,2.0,2nd  ,10+ Year Old, Ready to move
SRP Krish Residency ," Panvel, Navi Mumbai, Mumbai",33 Lac,"7,674",Carpet area: 430 (39.95 sq.m.),1.0,1.0,3rd  ,5 to 10 Year Old, Ready to move
Toll Free 1800 41 99099,"Kanjur Marg West, LBS Marg, Central Mumbai suburbs, Mumbai",2.3 Crore,"23,421",Carpet area: 982 (91.23 sq.m.),3.0,3.0,10th  ,10+ Year Old, Ready to move
Vissanji Park ,"9/a, Lokmanya Tilak Colony, South Mumbai, Mumbai",3.5 Crore,"45,161",Carpet area: 775 (72 sq.m.),1.0,1.0,3rd  ,10+ Year Old, Ready to move
Kanakia Rainforest ," Marol, Mumbai Andheri-Dahisar, Mumbai",1.7 Crore,"3,91,705",Carpet area: 43.4 ,1.0,2.0,2nd  ,1 to 5 Year Old, Ready to move
Toll Free 1800 41 99099,"501, Grant Road East, South Mumbai, Mumbai",2.5 Crore,"26,548",Carpet area: 1017 (94.48 sq.m.),2.0,2.0,5th  ,5 to 10 Year Old, Ready to move
Lodha Palava City ,"F-6, Dombivli East, Mumbai Beyond Thane, Mumbai",23 Lac,"7,540",Carpet area: 305 (28.34 sq.m.),1.0,1.0,Ground,0 to 1 Year Old, Ready to move
Toll Free 1800 41 99099," Sector 21 Nerul, Navi Mumbai, Mumbai",84 Lac,"14,358",Super Built up area 585(54.35 sq.m.)Carpet area: 425 sq.ft. (39.48 sq.m.),1.0,1.0,2nd  ,10+ Year Old, Ready to move
Lodha Palava City ," Dombivli East, Mumbai Beyond Thane, Mumbai",60 Lac,"8,298",Carpet area: 723 (67.17 sq.m.),2.0,2.0,6th  ,5 to 10 Year Old, Ready to move
Shree Chamunda Dham ,"301, Sector 19 Ulwe, Navi Mumbai, Mumbai",77.5 Lac,"9,687",Carpet area: 800 (74.32 sq.m.),2.0,2.0,3rd  ,5 to 10 Year Old, Ready to move
Toll Free 1800 41 99099,"Dombivli (East), Dombivli East, Mumbai Beyond Thane, Mumbai",99 Lac,"8,215",Built Up area: 1205 (111.95 sq.m.),3.0,3.0,4th  ,10+ Year Old, Ready to move
Silver Crest CHS ," Raheja Vihar, Central Mumbai suburbs, Mumbai",1.9 Crore,"19,000",Built Up area: 1000 (92.9 sq.m.)Carpet area: 792 sq.ft. (73.58 sq.m.),2.0,2.0,3rd  ,10+ Year Old, Ready to move
Samartha Aangan ," Lokhandwala Andheri West, Mumbai Andheri-Dahisar, Mumbai",5.1 Crore,"32,903",Super Built up area 1550(144 sq.m.),3.0,3.0,18th  ,10+ Year Old, Ready to move
Jewel Arista ,"Badlapur (W), Sonivali, Mumbai Beyond Thane, Mumbai",25 Lac,"3,650",Super Built up area 685(63.64 sq.m.),1.0,1.0,4th  ,0 to 1 Year Old, Ready to move
Toll Free 1800 41 99099,"Dheeraj Jamuna Chs, Chincholi Bunder Road, Malad(West), Chincholi Bunder Road, Mumbai Andheri-Dahisar, Mumbai",1.1 Crore,"17,544",Built Up area: 570 (52.95 sq.m.)Carpet area: 432 sq.ft. (40.13 sq.m.),1.0,2.0,14th  ,10+ Year Old, Ready to move
Toll Free 1800 41 99099," Borivali East, Mumbai Andheri-Dahisar, Mumbai",2.99 Crore,"23,000",Super Built up area 1300(120.77 sq.m.)Carpet area: 941 sq.ft. (87.42 sq.m.),3.0,3.0,1st  ,10+ Year Old, Ready to move
Toll Free 1800 41 99099," Malad East, Mumbai Andheri-Dahisar, Mumbai",80 Lac,"18,348",Carpet area: 436 (40.51 sq.m.),1.0,2.0,7th  ,10+ Year Old, Ready to move
Gopala Apartment ,"101, Vashi, Navi Mumbai, Mumbai",1.6 Crore,"10,322",Carpet area: 1550 (144 sq.m.),2.0,2.0,Ground,10+ Year Old, Ready to move
Cosmos Springs Angel ," Owale, Thane, Mumbai",1.65 Crore,"11,785",Built Up area: 1400 (130.06 sq.m.),3.0,3.0,20th  ,5 to 10 Year Old, Ready to move
Godrej Sky Garden ," Panvel, Navi Mumbai, Mumbai",75 Lac,"13,157",Carpet area: 570 (52.95 sq.m.),2.0,2.0,6th  ,10+ Year Old, Ready to move
Toll Free 1800 41 99099,"Chembur, Mumbai, Maharashtra, India, Chembur, Mumbai Harbour, Mumbai",2.95 Crore,"52,584",Carpet area: 561 (52.12 sq.m.),2.0,2.0,2nd  ,undefined, Ready to move
Toll Free 1800 41 99099," Thane West, Thane, Mumbai",1.95 Crore,"15,427",Built Up area: 1264 (117.43 sq.m.)Carpet area: 936 sq.ft. (86.96 sq.m.),3.0,3.0,1st  ,10+ Year Old, Ready to move
Toll Free 1800 41 99099," Prabhadevi, South Mumbai, Mumbai",7.5 Crore,"62,189",Built Up area: 1206 (112.04 sq.m.),3.0,4.0,6th  ,10+ Year Old, Ready to move
Vision Aarambh ," Neral, Mumbai Beyond Thane, Mumbai",22 Lac,559,Plot area 3929(365.02 sq.m.),,,2,Immediate, Ready to move
Panchali Apartment ,"Panchali Apartment, Sector 12 Vashi, Navi Mumbai, Mumbai",2.8 Crore,"16,279",Super Built up area 1720(159.79 sq.m.),3.0,4.0,1st  ,10+ Year Old, Ready to move
Toll Free 1800 41 99099," Lokhandwala Andheri West, Mumbai Andheri-Dahisar, Mumbai",2.27 Crore,"27,906",Super Built up area 860(79.9 sq.m.)Carpet area: 700 sq.ft. (65.03 sq.m.),2.0,2.0,5th  ,10+ Year Old, Ready to move
,,,,,,,,,
Toll Free 1800 41 99099,"O-13, Sector 9 Belapur, Navi Mumbai, Mumbai",1.75 Crore,"8,750",Plot area 2000(185.81 sq.m.),3.0,2.0,2,10+ Year Old, Ready to move
Toll Free 1800 41 99099,"004/a, Nalasopara West, Mira Road And Beyond, Mumbai",24 Lac,"6,575",Carpet area: 365 (33.91 sq.m.),1.0,1.0,Ground,10+ Year Old, Ready to move
Toll Free 1800 41 99099,"B Wing Rathodi, Marve Road, Mumbai Andheri-Dahisar, Mumbai",1.5 Crore,"18,750",Carpet area: 800 (74.32 sq.m.),2.0,2.0,7th  ,5 to 10 Year Old, Ready to move
Squarefeet Grand Square ,"4th Floor, Anand Nagar, Thane, Mumbai",58 Lac,"14,180",Carpet area: 409 (38 sq.m.),1.0,2.0,4th  ,10+ Year Old, Ready to move
Sai Darshan Apartment ," Ghatkopar West, Central Mumbai suburbs, Mumbai",1.25 Crore,"23,277",Built Up area: 537 (49.89 sq.m.),1.0,1.0,5th  ,10+ Year Old, Ready to move
Lodha Palava City ,"F504,casario Gold ,exotica Kalyanshil Road, Dombivli East, Mumbai Beyond Thane, Mumbai",96 Lac,"10,000",Carpet area: 960 (89.19 sq.m.),2.0,2.0,5th  ,5 to 10 Year Old, Ready to move
Dharma Sadan ,"Flat No. 201 Dharma Sadan Sec 19 Plot 87 Behind Reliance Fresh Kharghar, Kharghar, Navi Mumbai, Mumbai",1.2 Crore,"17,452",Built Up area: 687.6 (63.88 sq.m.),3.0,3.0,2nd  ,5 to 10 Year Old, Ready to move
Vasudev Sky High ,"102 Building No 4, Mira Road East, Mira Road And Beyond, Mumbai",88 Lac,"9,166",Carpet area: 960 (89.19 sq.m.),2.0,2.0,1st  ,0 to 1 Year Old, Ready to move
Toll Free 1800 41 99099,"Plot 26, Panvel Matheran Road, Sector 12 New Panvel, Navi Mumbai, Mumbai",95 Lac,"8,016",Built Up area: 1185 (110.09 sq.m.)Carpet area: 821 sq.ft. (76.27 sq.m.),3.0,2.0,2nd  ,10+ Year Old, Ready to move
Wadhwa Viceroy Park ,"A1401, Dahisar West, Mumbai Andheri-Dahisar, Mumbai",2.75 Crore,"18,211",Carpet area: 1510 (140.28 sq.m.),3.0,3.0,14th  ,1 to 5 Year Old, Ready to move
Toll Free 1800 41 99099," Sector 13 Kharghar, Navi Mumbai, Mumbai",57 Lac,"12,391",Carpet area: 460 (42.74 sq.m.),1.0,1.0,4th  ,5 to 10 Year Old, Ready to move
Vihang Hills ,"Owale, Owale, Thane, Mumbai",87 Lac,"15,676",Carpet area: 555 (51.56 sq.m.),2.0,2.0,9th  ,5 to 10 Year Old, Ready to move
Toll Free 1800 41 99099," Shirdon, Navi Mumbai, Mumbai",65 Lac,"2,166",Plot area 3000(278.71 sq.m.)Built Up area: 925 sq.ft. (85.94 sq.m.)Carpet area: 800 sq.ft. (74.32 sq.m.),2.0,2.0,1,10+ Year Old, Ready to move
Toll Free 1800 41 99099," Mazgaon, Mumbai Harbour, Mumbai",90 Lac,"22,500",Built Up area: 400 (37.16 sq.m.)Carpet area: 350 sq.ft. (32.52 sq.m.),1.0,2.0,5th  ,10+ Year Old, Ready to move
Toll Free 1800 41 99099,"504 , Parsik Nagar, Kalwa, Thane, Mumbai",70 Lac,"9,210",Built Up area: 760 (70.61 sq.m.)Carpet area: 580 sq.ft. (53.88 sq.m.),1.0,1.0,5th  ,1 to 5 Year Old, Ready to move
Greenwood Estate Phase 2 ,"A1 101, Phase 1, Panvel, Navi Mumbai, Mumbai",42 Lac,"6,461",Carpet area: 650 (60.39 sq.m.),2.0,2.0,1st  ,5 to 10 Year Old, Ready to move
Toll Free 1800 41 99099," Mira Bhayandar, Mira Road And Beyond, Mumbai",1.05 Crore,"12,352",Super Built up area 850(78.97 sq.m.)Carpet area: 620 sq.ft. (57.6 sq.m.),2.0,2.0,5th  ,5 to 10 Year Old, Ready to move
Toll Free 1800 41 99099," Dombivli East, Mumbai Beyond Thane, Mumbai",42 Lac,"9,354",Carpet area: 449 (41.71 sq.m.),1.0,1.0,5th  ,5 to 10 Year Old, Ready to move
Toll Free 1800 41 99099,"605, Parsik Nagar , Thane, Mumbai",68 Lac,"8,947",Built Up area: 760 (70.61 sq.m.)Carpet area: 525 sq.ft. (48.77 sq.m.),1.0,1.0,6th  ,10+ Year Old, Ready to move
Toll Free 1800 41 99099," Bhayander West, Mira Road And Beyond, Mumbai",60 Lac,"13,043",Carpet area: 460 (42.74 sq.m.),1.0,2.0,3rd  ,10+ Year Old, Ready to move
Toll Free 1800 41 99099," Dombivli East, Mumbai Beyond Thane, Mumbai",70 Lac,"8,443",Carpet area: 829 (77.02 sq.m.),2.0,2.0,1st  ,1 to 5 Year Old, Ready to move
Ravi Gaurav City ," Mira Road East, Mira Road And Beyond, Mumbai",55 Lac,"7,539",Super Built up area 750(69.68 sq.m.)Built Up area: 650 sq.ft. (60.39 sq.m.),2.0,2.0,6th  ,10+ Year Old, Ready to move
Toll Free 1800 41 99099," IC Colony, Mumbai Andheri-Dahisar, Mumbai",2.2 Crore,"32,592",Carpet area: 675 (62.71 sq.m.),3.0,2.0,1st  ,1 to 5 Year Old, Ready to move
Toll Free 1800 41 99099,"Titwala, Titwala, Mumbai Beyond Thane, Mumbai",32 Lac,"5,660",Super Built up area 530(49.24 sq.m.),1.0,1.0,Ground,10+ Year Old, Ready to move
Patels Pride ,"703, Ambernath, Mumbai Beyond Thane, Mumbai",34 Lac,"3,732",Super Built up area 938(87.14 sq.m.)Carpet area: 610 sq.ft. (56.67 sq.m.),2.0,2.0,7th  ,1 to 5 Year Old, Ready to move
Toll Free 1800 41 99099," Ranjanpada, Navi Mumbai, Mumbai",5 Lac,459,Plot area 1089(101.17 sq.m.)l x b : 36 ft.(11.22 mt.) x 35 ft.(10.91 mt.),,,,Immediate, Ready to move
Zoeb Aayesha Palace ," Parel, South Mumbai, Mumbai",1.1 Crore,"16,982",Super Built up area 649(60.29 sq.m.)Carpet area: 389 sq.ft. (36.14 sq.m.),1.0,1.0,2nd  ,Mar 2023, Under Construction
Kalpataru Vienta ," Kandivali East, Mumbai Andheri-Dahisar, Mumbai",5.9 Crore,"39,864",Carpet area: 1480 (137.5 sq.m.),5.0,4.0,8th  ,Dec 2023, Under Construction
Anmol Sankalp ," Sector 5 Ulwe, Navi Mumbai, Mumbai",1 Crore,"9,090",Super Built up area 1100(102.19 sq.m.)Carpet area: 700 sq.ft. (65.03 sq.m.),2.0,2.0,12nd  ,0 to 1 Year Old, Ready to move Property
West Metro Residency ," Kalyan East, Mumbai Beyond Thane, Mumbai",75 Lac,"7,142",Super Built up area 1050(97.55 sq.m.)Carpet area: 804 sq.ft. (74.69 sq.m.),2.0,2.0,7th  ,5 to 10 Year Old, Ready to move
AO Realty Bianca ,"502, Andheri East, Mumbai Andheri-Dahisar, Mumbai",2.5 Crore,"34,530",Built Up area: 1194 (110.93 sq.m.)Carpet area: 724 sq.ft. (67.26 sq.m.),2.0,2.0,5th  ,1 to 5 Year Old, Ready to move
Balaji Symphony ," New Panvel, Navi Mumbai, Mumbai",52 Lac,"1,17,514",Carpet area: 44.25 ,1.0,1.0,7th  ,1 to 5 Year Old, Ready to move
Toll Free 1800 41 99099,"Opp Of Sewri Station, Sewri, Mumbai Harbour, Mumbai",48 Lac,"24,000",Built Up area: 200 (18.58 sq.m.)Carpet area: 180 sq.ft. (16.72 sq.m.),1.0,1.0,1st  ,10+ Year Old, Ready to move
Toll Free 1800 41 99099,"403404., Versova, Mumbai Andheri-Dahisar, Mumbai",6.25 Crore,"35,714",Built Up area: 1750 (162.58 sq.m.)Carpet area: 1400 sq.ft. (130.06 sq.m.),3.0,3.0,4th  ,10+ Year Old, Ready to move
Toll Free 1800 41 99099,"202, Gajawakra, Adarsh Society, Swami Narayan Road, 52 Bunglow, Bandar Road, Panvel, Old Panvel, Navi Mumbai, Mumbai",80 Lac,"8,528",Built Up area: 938 (87.14 sq.m.)Carpet area: 647 sq.ft. (60.11 sq.m.),2.0,2.0,2nd  ,0 to 1 Year Old, Ready to move
Paradise Sai Miracle ,"1102, Sector 35E Kharghar, Navi Mumbai, Mumbai",1.75 Crore,"15,217",Super Built up area 1685(156.54 sq.m.)Built Up area: 1680 sq.ft. (156.08 sq.m.)Carpet area: 1150 sq.ft. (106.84 sq.m.),3.0,3.0,11st  ,1 to 5 Year Old, Ready to move
Jeevan Vihar Building ," Malabar Hill, South Mumbai, Mumbai",4.25 Crore,"32,692",Built Up area: 1300 (120.77 sq.m.)Carpet area: 1061 sq.ft. (98.57 sq.m.),2.0,2.0,Ground,10+ Year Old, Ready to move
Toll Free 1800 41 99099," Neral, Mumbai Beyond Thane, Mumbai",21 Lac,"3,500",Built Up area: 600 (55.74 sq.m.)Carpet area: 470 sq.ft. (43.66 sq.m.),1.0,1.0,1st  ,5 to 10 Year Old, Ready to move
Toll Free 1800 41 99099,"163 Salargaon, Murbad, Mumbai Beyond Thane, Mumbai",20 Lac,442,Plot area 4520(419.92 sq.m.),,,,, Ready to move
Toll Free 1800 41 99099," Lalbaug, Mumbai Harbour, Mumbai",1.35 Crore,"30,681",Built Up area: 440 (40.88 sq.m.)Carpet area: 308 sq.ft. (28.61 sq.m.),1.0,1.0,5th  ,10+ Year Old, Ready to move
Toll Free 1800 41 99099,"1002, Chirle, Navi Mumbai, Mumbai",4 Lac,367,Plot area 1089(101.17 sq.m.)l x b : 33 ft.(10.29 mt.) x 32 ft.(9.98 mt.),,,,Dec 2025, Under Construction Property
Toll Free 1800 41 99099," Chembur East, Mumbai Harbour, Mumbai",1.58 Crore,"22,443",Built Up area: 704 (65.4 sq.m.),2.0,2.0,4th  ,10+ Year Old, Ready to move
Konnark Sai Krupa Premises ,"102, Kharghar, Navi Mumbai, Mumbai",2.5 Crore,"16,025",Super Built up area 2800(260.13 sq.m.)Built Up area: 2500 sq.ft. (232.26 sq.m.)Carpet area: 1560 sq.ft. (144.93 sq.m.),4.0,4.0,1st  ,1 to 5 Year Old, Ready to move
Paradise Sai Crystals ,"702, Sector 35D Kharghar, Navi Mumbai, Mumbai",1.15 Crore,"15,333",Super Built up area 1175(109.16 sq.m.)Built Up area: 1100 sq.ft. (102.19 sq.m.)Carpet area: 750 sq.ft. (69.68 sq.m.),2.0,2.0,7th  ,1 to 5 Year Old, Ready to move
Toll Free 1800 41 99099," Pokhran 2, Thane, Mumbai",3.75 Crore,"28,195",Carpet area: 1330 (123.56 sq.m.),3.0,3.0,16th  ,0 to 1 Year Old, Ready to move
Toll Free 1800 41 99099," thakurli, Mumbai Beyond Thane, Mumbai",49 Lac,"7,368",Built Up area: 665 (61.78 sq.m.),1.0,1.0,3rd  ,5 to 10 Year Old, Ready to move
Toll Free 1800 41 99099,"204, Kharegaon, Mumbai Beyond Thane, Mumbai",1.25 Crore,"14,013",Carpet area: 892 (82.87 sq.m.),3.0,2.0,2nd  ,10+ Year Old, Ready to move
Toll Free 1800 41 99099," Sector 2 Airoli, Navi Mumbai, Mumbai",1.65 Crore,"13,750",Plot area 1200(111.48 sq.m.),3.0,2.0,3,10+ Year Old, Ready to move
Toll Free 1800 41 99099," Dahisar East, Mumbai Andheri-Dahisar, Mumbai",1 Crore,"21,645",Super Built up area 462(42.92 sq.m.),1.0,1.0,7th  ,5 to 10 Year Old, Ready to move
Bhagwati Greens ,"1301, Sector 23 Kharghar, Navi Mumbai, Mumbai",2.4 Crore,"30,000",Super Built up area 1365(126.81 sq.m.)Built Up area: 1300 sq.ft. (120.77 sq.m.)Carpet area: 800 sq.ft. (74.32 sq.m.),2.0,2.0,13rd  ,1 to 5 Year Old, Ready to move
Toll Free 1800 41 99099,"1101, A Wing, Nehru Nagar, Central Mumbai suburbs, Mumbai",1.5 Crore,"26,548",Carpet area: 565 (52.49 sq.m.),2.0,2.0,11st  ,1 to 5 Year Old, Ready to move
Siddha Seabrook ," Kandivali West, Mumbai Andheri-Dahisar, Mumbai",1.97 Crore,"27,903",Carpet area: 706 (65.59 sq.m.),2.0,2.0,27th  ,Under Construction, Under Construction
Toll Free 1800 41 99099,"106, E, Mira Road, Mira Road And Beyond, Mumbai",55 Lac,"8,270",Built Up area: 665 (61.78 sq.m.),1.0,1.0,1st  ,Under Construction, Under Construction
Toll Free 1800 41 99099,"Vasai West, Vasai West, Mira Road And Beyond, Mumbai",1.35 Crore,"7,105",Carpet area: 1900 (176.52 sq.m.),4.0,2.0,1st  ,10+ Year Old, Ready to move
Toll Free 1800 41 99099," Hiranandani Estate, Thane, Mumbai",3.1 Crore,"22,463",Carpet area: 1380 (128.21 sq.m.),3.0,3.0,6th  ,10+ Year Old, Ready to move
Darvesh Ayesha Tower ,"101 , 1st Floor, Jogeshwari West, Mumbai Andheri-Dahisar, Mumbai",3.3 Crore,"14,347",Super Built up area 2300(213.68 sq.m.)Built Up area: 2000 sq.ft. (185.81 sq.m.)Carpet area: 1300 sq.ft. (120.77 sq.m.),3.0,3.0,1st  ,10+ Year Old, Ready to move
Toll Free 1800 41 99099,"Row House No.2, 400708, Airoli, Navi Mumbai, Mumbai",76 Lac,"16,888",Plot area 450(41.81 sq.m.)Built Up area: 652 sq.ft. (60.57 sq.m.)Carpet area: 435 sq.ft. (40.41 sq.m.),1.0,2.0,2,10+ Year Old, Ready to move
Toll Free 1800 41 99099,"1102, Sector 14 Vashi, Navi Mumbai, Mumbai",6.25 Crore,"29,620",Carpet area: 2110 (196.03 sq.m.),5.0,4.0,11st  ,10+ Year Old, Ready to move
Toll Free 1800 41 99099," Dadar East, South Mumbai, Mumbai",4.41 Crore,"42,000",Carpet area: 1050 (97.55 sq.m.),3.0,4.0,2nd  ,5 to 10 Year Old, Ready to move
Toll Free 1800 41 99099,"403/404, Seven Bunglow, Mumbai Andheri-Dahisar, Mumbai",6.25 Crore,"35,714",Built Up area: 1750 (162.58 sq.m.)Carpet area: 1400 sq.ft. (130.06 sq.m.),3.0,3.0,4th  ,10+ Year Old, Ready to move
Toll Free 1800 41 99099,"3rd Cross Lane Lokhandwala, Andheri West, Mumbai Andheri-Dahisar, Mumbai",10 Crore,"35,000",Super Built up area 3500(325.16 sq.m.)Built Up area: 3000 sq.ft. (278.71 sq.m.)Carpet area: 2000 sq.ft. (185.81 sq.m.),4.0,4.0,16th  ,1 to 5 Year Old, Ready to move
Shamiks Elanza ," Vakola, Mumbai South West, Mumbai",3 Crore,"5,04,965",Carpet area: 59.41 ,2.0,2.0,12nd  ,5 to 10 Year Old, Ready to move
Balaji Garden CHS ," Sector 11 Koparkhairane, Navi Mumbai, Mumbai",2.8 Crore,"12,727",Carpet area: 2200 (204.39 sq.m.),4.0,4.0,13rd  ,10+ Year Old, Ready to move
Ten BKC ," Bandra East, Mumbai South West, Mumbai",7.5 Crore,"56,475",Carpet area: 1328 (123.38 sq.m.),3.0,4.0,3rd  ,Dec 2023, Under Construction
Toll Free 1800 41 99099,"Building 14 Flat 02 (Ground Floor), Hanuman Chowk, Central Mumbai suburbs, Mumbai",1.1 Crore,"22,000",Carpet area: 500 (46.45 sq.m.),1.0,1.0,Ground,10+ Year Old, Ready to move
Toll Free 1800 41 99099," Kandivali West, Mumbai Andheri-Dahisar, Mumbai",1.8 Crore,"30,716",Carpet area: 586 (54.44 sq.m.),2.0,3.0,12nd  ,Aug 2024, Under Construction
Raj Estate ,"G 402, Kashigaon, Mira Road And Beyond, Mumbai",97 Lac,"10,659",Super Built up area 910(84.54 sq.m.)Carpet area: 612 sq.ft. (56.86 sq.m.),2.0,2.0,4th  ,1 to 5 Year Old, Ready to move
Lodha Palava City ," Dombivli East, Mumbai Beyond Thane, Mumbai",58 Lac,"8,801",Carpet area: 659 (61.22 sq.m.),2.0,2.0,16th  ,5 to 10 Year Old, Ready to move
Toll Free 1800 41 99099,"E2104, Mulund West, Central Mumbai suburbs, Mumbai",1.8 Crore,"29,079",Carpet area: 619 (57.51 sq.m.),2.0,2.0,21st  ,Sep 2023, Under Construction
Hiranandani Hill Grange ," Hiranandani Estate, Thane, Mumbai",2.1 Crore,"15,555",Built Up area: 1350 (125.42 sq.m.)Carpet area: 1150 sq.ft. (106.84 sq.m.),3.0,3.0,3rd  ,10+ Year Old, Ready to move
Tirupati Arcade ,"A602 Tirupati Arcade Sector21 Kharghar,mumbai Navi, Sector 21 Kharghar, Navi Mumbai, Mumbai",2.5 Crore,"14,000",Built Up area: 2000 (185.81 sq.m.),3.0,3.0,6th  ,5 to 10 Year Old, Ready to move
Acme Avenue ,"11th Floor, Charkop, Mumbai Andheri-Dahisar, Mumbai",1.38 Crore,"11,604",Built Up area: 1284 (119.29 sq.m.)Carpet area: 642 sq.ft. (59.64 sq.m.),2.0,2.0,11st  ,0 to 1 Year Old, Ready to move
Toll Free 1800 41 99099," Sion West, Central Mumbai suburbs, Mumbai",5.7 Crore,"47,500",Super Built up area 2200(204.39 sq.m.)Built Up area: 1700 sq.ft. (157.94 sq.m.)Carpet area: 1200 sq.ft. (111.48 sq.m.),3.0,3.0,20th  ,Dec 2023, Under Construction
Dosti Imperia ,"3 Bhk Hill Facing Flat Available, Manpada, Thane, Mumbai",2.52 Crore,"15,235",Built Up area: 1654 (153.66 sq.m.)Carpet area: 1150 sq.ft. (106.84 sq.m.),3.0,3.0,5th  ,1 to 5 Year Old, Ready to move Property
Royal Oasis ," Jankalyan Nagar, Mumbai Andheri-Dahisar, Mumbai",1.7 Crore,"23,383",Carpet area: 727 (67.54 sq.m.),2.0,2.0,20th  ,1 to 5 Year Old, Ready to move
Toll Free 1800 41 99099," Bhandup West, Central Mumbai suburbs, Mumbai",1.4 Crore,"19,718",Carpet area: 710 (65.96 sq.m.),2.0,2.0,14th  ,5 to 10 Year Old, Ready to move
Toll Free 1800 41 99099," Dadar East, South Mumbai, Mumbai",3.2 Crore,"34,408",Carpet area: 930 (86.4 sq.m.),2.0,2.0,12nd  ,0 to 1 Year Old, Ready to move
Toll Free 1800 41 99099,"Ghatkopar East, Garodia Nagar, Central Mumbai suburbs, Mumbai",1.35 Crore,"23,478",Carpet area: 575 (53.42 sq.m.),1.0,1.0,2nd  ,10+ Year Old, Ready to move
Omkar Alta Monte ," Malad East, Mumbai Andheri-Dahisar, Mumbai",8.5 Crore,"20,238",Carpet area: 4200 (390.19 sq.m.),5.0,5.0,7th  ,0 to 1 Year Old, Ready to move
Toll Free 1800 41 99099,"Taloja Bypass Road C-905, Dombivli East, Mumbai Beyond Thane, Mumbai",57 Lac,"7,765",Carpet area: 734 (68.19 sq.m.),2.0,2.0,9th  ,1 to 5 Year Old, Ready to move
Toll Free 1800 41 99099," Jogeshwari East, Mumbai Andheri-Dahisar, Mumbai",1.18 Crore,"20,884",Built Up area: 565 (52.49 sq.m.)Carpet area: 429 sq.ft. (39.86 sq.m.),1.0,2.0,6th  ,10+ Year Old, Ready to move
Toll Free 1800 41 99099,"4th Floor ( Top Floor ) Plus Private Terrace, Sector 19 Ulwe, Navi Mumbai, Mumbai",92 Lac,"7,360",Carpet area: 1250 (116.13 sq.m.),2.0,2.0,4th  ,1 to 5 Year Old, Ready to move
Lodha Upper Thane ,"A-1003, Anjurdive, Mumbai Beyond Thane, Mumbai",1.8 Crore,"12,121",Super Built up area 1485(137.96 sq.m.)Carpet area: 1075 sq.ft. (99.87 sq.m.),3.0,3.0,10th  ,0 to 1 Year Old, Ready to move
Toll Free 1800 41 99099," Chembur East, Mumbai Harbour, Mumbai",23 Crore,"35,384",Plot area 6500(603.87 sq.m.),,,14,Within 3 months, Under Construction
Toll Free 1800 41 99099," Dombivli East, Mumbai Beyond Thane, Mumbai",2.6 Crore,"20,384",Carpet area: 1300 (120.77 sq.m.),3.0,3.0,12nd  ,5 to 10 Year Old, Ready to move
Bombay Taximens CHS ," LBS Marg, Central Mumbai suburbs, Mumbai",1.2 Crore,"17,142",Super Built up area 700(65.03 sq.m.)Carpet area: 500 sq.ft. (46.45 sq.m.),1.0,1.0,2nd  ,10+ Year Old, Ready to move
Toll Free 1800 41 99099," Mahim West, Mumbai South West, Mumbai",3.35 Crore,"51,538",Carpet area: 650 (60.39 sq.m.),2.0,2.0,4th  ,0 to 1 Year Old, Ready to move
Lok Raunak ,"501 Wing A1, Marol, Mumbai Andheri-Dahisar, Mumbai",2 Crore,"14,285",Super Built up area 1400(130.06 sq.m.),3.0,3.0,5th  ,1 to 5 Year Old, Ready to move
Toll Free 1800 41 99099," Seawoods, Navi Mumbai, Mumbai",65 Lac,"14,444",Carpet area: 450 (41.81 sq.m.),1.0,1.0,3rd  ,10+ Year Old, Ready to move
Toll Free 1800 41 99099,"Two, Dattanagar, Mumbai Beyond Thane, Mumbai",1.3 Crore,"11,016",Carpet area: 1180 (109.63 sq.m.),2.0,2.0,1st  ,10+ Year Old, Ready to move
Toll Free 1800 41 99099,"Lakeside, Raheja Vihar, Central Mumbai suburbs, Mumbai",1.5 Crore,"21,367",Built Up area: 702 (65.22 sq.m.)Carpet area: 600 sq.ft. (55.74 sq.m.),1.0,1.0,8th  ,10+ Year Old, Ready to move
Hiranandani Torino ," Hiranandani Gardens Powai, Central Mumbai suburbs, Mumbai",6.65 Crore,"45,000",Super Built up area 1450(134.71 sq.m.),3.0,3.0,34th  ,10+ Year Old, Ready to move
Kohinoor City Mumbai ,"Phase 1, kurla west, Central Mumbai suburbs, Mumbai",5.1 Crore,"31,875",Carpet area: 1600 (148.64 sq.m.),4.0,4.0,7th  ,10+ Year Old, Ready to move
Toll Free 1800 41 99099," idle, Thane, Mumbai",1.1 Crore,"1,10,00,000",Plot area 1(4046.86 sq.m.),,,,Immediate, Ready to move
NG Complex ," Marol, Mumbai Andheri-Dahisar, Mumbai",1.05 Crore,"16,406",Super Built up area 640(59.46 sq.m.),1.0,2.0,4th  ,10+ Year Old, Ready to move
Toll Free 1800 41 99099," Sector 29 Vashi, Navi Mumbai, Mumbai",2.8 Crore,"29,473",Carpet area: 950 (88.26 sq.m.),3.0,3.0,4th  ,10+ Year Old, Ready to move
Toll Free 1800 41 99099,"Sector 35e, Flat No 305, Kharghar, Navi Mumbai, Mumbai",85 Lac,"8,808",Super Built up area 965(89.65 sq.m.)Carpet area: 620 sq.ft. (57.6 sq.m.),2.0,2.0,3rd  ,5 to 10 Year Old, Ready to move
Jolly Maker Apartment ," Cuffe Parade, South Mumbai, Mumbai",16 Crore,"74,941",Built Up area: 2135 (198.35 sq.m.),5.0,4.0,20th  ,10+ Year Old, Ready to move
Shivam Paradise ,"503, Nerul, Navi Mumbai, Mumbai",1.35 Crore,"15,882",Built Up area: 850 (78.97 sq.m.),2.0,2.0,5th  ,10+ Year Old, Ready to move
Amardeep Anutham ,"D2004, Mulund East, Central Mumbai suburbs, Mumbai",1.35 Crore,"31,034",Carpet area: 435 (40.41 sq.m.),1.0,2.0,20th  ,1 to 5 Year Old, Ready to move
Toll Free 1800 41 99099,"Mogul Lane, 16, Matunga West, South Mumbai, Mumbai",1.6 Crore,"44,444",Carpet area: 360 (33.45 sq.m.),1.0,2.0,4th  ,10+ Year Old, Ready to move
Soft Corner Sun Valley Exotica ," Karjat, Mumbai Beyond Thane, Mumbai",80 Lac,485,Plot area 16488(1531.79 sq.m.),,,,Immediate, Ready to move
Sri Prastha ," Sriprastha, Mira Road And Beyond, Mumbai",65 Lac,"7,222",Carpet area: 900 (83.61 sq.m.),2.0,2.0,Ground,10+ Year Old, Ready to move
Toll Free 1800 41 99099," Sector 31 Kamothe, Navi Mumbai, Mumbai",83 Lac,"7,063",Built Up area: 1175 (109.16 sq.m.),2.0,2.0,2nd  ,5 to 10 Year Old, Ready to move Property
JH Zojwalla Regency Park ," Kalyan East, Mumbai Beyond Thane, Mumbai",56 Lac,"7,887",Super Built up area 710(65.96 sq.m.)Carpet area: 475 sq.ft. (44.13 sq.m.),1.0,2.0,3rd  ,5 to 10 Year Old, Ready to move
Toll Free 1800 41 99099," Tardeo, South Mumbai, Mumbai",1 Crore,"23,752",Carpet area: 421 (39.11 sq.m.),1.0,1.0,4th  ,10+ Year Old, Ready to move
Samarth Garden ," Bhandup West, Central Mumbai suburbs, Mumbai",1.4 Crore,"13,084",Super Built up area 1070(99.41 sq.m.),2.0,2.0,2nd  ,5 to 10 Year Old, Ready to move
Toll Free 1800 41 99099," Deonar, Mumbai Harbour, Mumbai",1.45 Crore,"31,868",Carpet area: 455 (42.27 sq.m.),1.0,2.0,11st  ,0 to 1 Year Old, Ready to move
Toll Free 1800 41 99099,"4th Floor, Wadala West, Mumbai Harbour, Mumbai",1.99 Crore,"31,093",Built Up area: 640 (59.46 sq.m.),2.0,2.0,4th  ,10+ Year Old, Ready to move
Toll Free 1800 41 99099," Walkeshwar, South Mumbai, Mumbai",4.75 Crore,"52,777",Carpet area: 900 (83.61 sq.m.),2.0,2.0,5th  ,10+ Year Old, Ready to move
5P Bhagwati Heritage ,"Sector 21, Sector 21 Kamothe, Navi Mumbai, Mumbai",1.15 Crore,"9,387",Super Built up area 1225(113.81 sq.m.),2.0,2.0,7th  ,0 to 1 Year Old, Ready to move Property
Bhoomi Harmony ,"Full Furnish, Sector 18 Kamothe, Navi Mumbai, Mumbai",1.06 Crore,"8,091",Super Built up area 1310(121.7 sq.m.),2.0,2.0,9th  ,1 to 5 Year Old, Ready to move Property
Hiranandani Fortune City ,"2404, Panvel, Navi Mumbai, Mumbai",55 Lac,"17,105",Carpet area: 304 (28.24 sq.m.),1.0,1.0,24th  ,0 to 1 Year Old, Ready to move
Transcon Tirumala Habitats ," Mulund West, Central Mumbai suburbs, Mumbai",4.75 Crore,"25,956",Carpet area: 1830 (170.01 sq.m.),4.0,4.0,8th  ,1 to 5 Year Old, Ready to move
Toll Free 1800 41 99099," Sector 9 Belapur, Navi Mumbai, Mumbai",2.51 Crore,"27,223",Plot area 922(85.66 sq.m.),4.0,3.0,2,10+ Year Old, Ready to move
Toll Free 1800 41 99099," Vile Parle East, Mumbai South West, Mumbai",3.05 Crore,"41,216",Carpet area: 740 (68.75 sq.m.),2.0,2.0,2nd  ,1 to 5 Year Old, Ready to move
Platinum Om Sai Shrushti ,"B-304, Sector 17 Ulwe, Navi Mumbai, Mumbai",88 Lac,"1,47,453",Built Up area: 59.68 Carpet area: 49.73 sq.m.,2.0,2.0,3rd  ,5 to 10 Year Old, Ready to move
Toll Free 1800 41 99099,"504a, Sector 44A Seawoods, Navi Mumbai, Mumbai",1.45 Crore,"13,538",Super Built up area 1071(99.5 sq.m.)Carpet area: 890 sq.ft. (82.68 sq.m.),2.0,2.0,5th  ,5 to 10 Year Old, Ready to move
Man Opus ," Mira Bhayandar, Mira Road And Beyond, Mumbai",64 Lac,"10,461",Built Up area: 650 (60.39 sq.m.)Carpet area: 450 sq.ft. (41.81 sq.m.),1.0,2.0,11st  ,1 to 5 Year Old, Ready to move
Lodha Splendora ," Ghodbunder Road, Thane, Mumbai",96 Lac,"12,800",Carpet area: 750 (627.1 sq.m.),2.0,2.0,4th  ,1 to 5 Year Old, Ready to move
Toll Free 1800 41 99099," Vile Parle West, Mumbai South West, Mumbai",6.5 Crore,"41,800",Carpet area: 1555 (144.46 sq.m.),4.0,4.0,10th  ,1 to 5 Year Old, Ready to move
Toll Free 1800 41 99099," Kandivali East, Mumbai Andheri-Dahisar, Mumbai",1.15 Crore,"22,286",Carpet area: 516 (47.94 sq.m.),2.0,2.0,11st  ,1 to 5 Year Old, Ready to move
Toll Free 1800 41 99099," Vile Parle West, Mumbai South West, Mumbai",1.65 Crore,"33,950",Built Up area: 486 (45.15 sq.m.),1.0,2.0,2nd  ,10+ Year Old, Ready to move
Toll Free 1800 41 99099," Lokhandwala Andheri West, Mumbai Andheri-Dahisar, Mumbai",1.75 Crore,"26,923",Built Up area: 650 (60.39 sq.m.)Carpet area: 600 sq.ft. (55.74 sq.m.),2.0,1.0,2nd  ,10+ Year Old, Ready to move
Toll Free 1800 41 99099,"104, Ambernath, Mumbai Beyond Thane, Mumbai",42 Lac,"5,198",Built Up area: 808 (75.07 sq.m.)Carpet area: 436 sq.ft. (40.51 sq.m.),1.0,2.0,1st  ,1 to 5 Year Old, Ready to move
Toll Free 1800 41 99099,"303, Sector 12 Kamothe, Navi Mumbai, Mumbai",52 Lac,"8,150",Carpet area: 638 (59.27 sq.m.),1.0,2.0,3rd  ,10+ Year Old, Ready to move
Toll Free 1800 41 99099,"B 108, Kalyan East, Mumbai Beyond Thane, Mumbai",35 Lac,"5,833",Carpet area: 600 (55.74 sq.m.),1.0,1.0,1st  ,10+ Year Old, Ready to move
Laxmi Aashirwad ,"111, Khandeshwar, Navi Mumbai, Mumbai",75.8 Lac,"7,431",Super Built up area 1020(94.76 sq.m.)Built Up area: 816 sq.ft. (75.81 sq.m.)Carpet area: 652 sq.ft. (60.57 sq.m.),2.0,2.0,6th  ,5 to 10 Year Old, Ready to move
Toll Free 1800 41 99099," Malad East, Mumbai Andheri-Dahisar, Mumbai",1.9 Crore,"17,272",Carpet area: 1100 (102.19 sq.m.),3.0,3.0,7th  ,10+ Year Old, Ready to move
Toll Free 1800 41 99099," Ulhasnagar, Mumbai Beyond Thane, Mumbai",25 Lac,"5,319",Super Built up area 470(43.66 sq.m.)Carpet area: 310 sq.ft. (28.8 sq.m.),1.0,1.0,1st  ,Nov 2024, Under Construction
Aristo Lloyds Estate ,"1103, Wadala East, Mumbai Harbour, Mumbai",1.55 Crore,"22,142",Super Built up area 700(65.03 sq.m.)Carpet area: 539 sq.ft. (50.07 sq.m.),1.0,1.0,11st  ,10+ Year Old, Ready to move
Toll Free 1800 41 99099," Sector 17 Ulwe, Navi Mumbai, Mumbai",90 Lac,"8,910",Built Up area: 1010 (93.83 sq.m.),2.0,2.0,7th  ,1 to 5 Year Old, Ready to move
